backend,backend_label,repo,task_id,condition,replication_index,condition_label,clean_success,degraded_success,clean_hidden_bug_fix_failed,degraded_hidden_bug_fix_failed,hidden_bug_fix_failed_delta,clean_regression_failed,degraded_regression_failed,regression_failed_delta,clean_tokens_corrected,degraded_tokens_corrected,token_delta,token_definition,total_token_delta_including_cache,runtime_delta_seconds,changed_file_delta,files_opened_delta,exploration_efficiency_delta,validation_command_delta,failed_validation_command_delta,both_success,clean_success_degraded_failure,clean_failure_degraded_success,both_fail,baseline_hard,regression_damage,hidden_bug_fix_damage,token_delta_pct,token_higher
custom_repo,Custom repos,python-attrs/cattrs,cattrs_pr_108,naming,1,Naming,True,True,0,0,0,0,0,0,27985.0,125398.0,97413.0,input_plus_output_tokens_excludes_cached_input,-27643.0,171.0123448371887,,1.0,-0.15000000000000002,4.0,4.0,True,False,False,False,False,False,False,3.4809004824012866,True
custom_repo,Custom repos,python-attrs/cattrs,cattrs_pr_108,type_hints,1,Type hints,True,True,0,0,0,0,0,0,27985.0,60932.0,32947.0,input_plus_output_tokens_excludes_cached_input,-209613.0,-4.844625949859619,,1.0,-0.15000000000000002,4.0,2.0,True,False,False,False,False,False,False,1.1773092728247276,True
custom_repo,Custom repos,python-attrs/cattrs,cattrs_pr_108,comments_docstrings,1,Comments/docstrings,True,False,0,1,1,0,0,0,27985.0,104370.0,76385.0,input_plus_output_tokens_excludes_cached_input,204385.0,82.28996610641477,,1.0,-0.15000000000000002,4.0,2.0,False,True,False,False,False,False,True,2.729497945327854,True
custom_repo,Custom repos,python-attrs/cattrs,cattrs_pr_108,remove_tests,1,Remove tests,True,True,0,0,0,0,0,0,27985.0,60658.0,32673.0,input_plus_output_tokens_excludes_cached_input,210593.0,107.18609166145322,,0.0,-0.5,3.0,4.0,True,False,False,False,False,False,False,1.167518313382169,True
custom_repo,Custom repos,python-attrs/cattrs,cattrs_pr_117,naming,1,Naming,True,True,0,0,0,0,0,0,89723.0,147573.0,57850.0,input_plus_output_tokens_excludes_cached_input,1937786.0,615.8188314437866,,-4.0,0.20780000000000004,15.0,6.0,True,False,False,False,False,False,False,0.6447622125876308,True
custom_repo,Custom repos,python-attrs/cattrs,cattrs_pr_117,type_hints,1,Type hints,True,True,0,0,0,0,0,0,89723.0,129321.0,39598.0,input_plus_output_tokens_excludes_cached_input,332590.0,53.591081619262695,,-4.0,0.20780000000000004,6.0,3.0,True,False,False,False,False,False,False,0.441336112256612,True
custom_repo,Custom repos,python-attrs/cattrs,cattrs_pr_117,comments_docstrings,1,Comments/docstrings,True,True,0,0,0,0,0,0,89723.0,61949.0,-27774.0,input_plus_output_tokens_excludes_cached_input,-424318.0,-158.19998478889465,,-3.0,0.13640000000000002,5.0,0.0,True,False,False,False,False,False,False,-0.3095527345273787,False
custom_repo,Custom repos,python-attrs/cattrs,cattrs_pr_117,remove_tests,1,Remove tests,True,True,0,0,0,0,0,0,89723.0,61801.0,-27922.0,input_plus_output_tokens_excludes_cached_input,-155282.0,-117.10730743408203,,-6.0,0.43640000000000007,7.0,2.0,True,False,False,False,False,False,False,-0.31120225583183797,False
custom_repo,Custom repos,python-attrs/cattrs,cattrs_pr_142,naming,1,Naming,False,True,0,0,0,1,0,-1,205363.0,172415.0,-32948.0,input_plus_output_tokens_excludes_cached_input,-564788.0,-173.57797122001648,,1.0,0.21430000000000005,-5.0,-2.0,False,False,True,False,True,False,False,-0.1604378588158529,False
custom_repo,Custom repos,python-attrs/cattrs,cattrs_pr_142,type_hints,1,Type hints,False,False,0,0,0,1,1,0,205363.0,180058.0,-25305.0,input_plus_output_tokens_excludes_cached_input,319911.0,38.12498354911804,,-1.0,0.30000000000000004,-5.0,-2.0,False,False,False,True,True,False,False,-0.1232208333536226,False
custom_repo,Custom repos,python-attrs/cattrs,cattrs_pr_142,comments_docstrings,1,Comments/docstrings,False,False,0,1,1,1,0,-1,205363.0,196922.0,-8441.0,input_plus_output_tokens_excludes_cached_input,-410617.0,19.506510019302368,,2.0,-0.125,-5.0,-3.0,False,False,False,True,True,False,True,-0.041102827675871506,False
custom_repo,Custom repos,python-attrs/cattrs,cattrs_pr_142,remove_tests,1,Remove tests,False,True,0,0,0,1,0,-1,205363.0,132990.0,-72373.0,input_plus_output_tokens_excludes_cached_input,-699189.0,-180.74697995185852,,-2.0,0.0,-8.0,-4.0,False,False,True,False,True,False,False,-0.3524149919897937,False
custom_repo,Custom repos,pallets/click,click_pr_2816,naming,1,Naming,False,False,1,1,0,0,46,46,86268.0,95138.0,8870.0,input_plus_output_tokens_excludes_cached_input,32038.0,4.939020156860352,,2.0,-0.5,-3.0,0.0,False,False,False,True,True,True,False,0.10281912180646358,True
custom_repo,Custom repos,pallets/click,click_pr_2816,type_hints,1,Type hints,False,True,1,0,-1,0,0,0,86268.0,72070.0,-14198.0,input_plus_output_tokens_excludes_cached_input,-416118.0,-61.67991518974304,,2.0,-0.5,-6.0,-2.0,False,False,True,False,True,False,False,-0.16458014559280382,False
custom_repo,Custom repos,pallets/click,click_pr_2816,comments_docstrings,1,Comments/docstrings,False,True,1,0,-1,0,0,0,86268.0,51673.0,-34595.0,input_plus_output_tokens_excludes_cached_input,-535203.0,-86.99543809890747,,1.0,0.0,-6.0,-2.0,False,False,True,False,True,False,False,-0.40101775861269534,False
custom_repo,Custom repos,pallets/click,click_pr_2816,remove_tests,1,Remove tests,False,True,1,0,-1,0,0,0,86268.0,66554.0,-19714.0,input_plus_output_tokens_excludes_cached_input,-259458.0,-33.42161750793457,,3.0,-0.6,-4.0,-1.0,False,False,True,False,True,False,False,-0.22852042472295636,False
custom_repo,Custom repos,pallets/click,click_pr_2846,naming,1,Naming,True,True,0,0,0,0,0,0,47202.0,81672.0,34470.0,input_plus_output_tokens_excludes_cached_input,427814.0,95.04530024528502,,0.0,0.0,4.0,4.0,True,False,False,False,False,False,False,0.7302656667090377,True
custom_repo,Custom repos,pallets/click,click_pr_2846,type_hints,1,Type hints,True,True,0,0,0,0,0,0,47202.0,58439.0,11237.0,input_plus_output_tokens_excludes_cached_input,-92059.0,-29.92364382743837,,-1.0,0.16669999999999996,-2.0,-1.0,True,False,False,False,False,False,False,0.2380619465276895,True
custom_repo,Custom repos,pallets/click,click_pr_2846,comments_docstrings,1,Comments/docstrings,True,True,0,0,0,0,0,0,47202.0,63822.0,16620.0,input_plus_output_tokens_excludes_cached_input,-33556.0,-24.72877001762393,,-2.0,0.5,-1.0,-1.0,True,False,False,False,False,False,False,0.35210372441845683,True
custom_repo,Custom repos,pallets/click,click_pr_2846,remove_tests,1,Remove tests,True,True,0,0,0,0,0,0,47202.0,50709.0,3507.0,input_plus_output_tokens_excludes_cached_input,99891.0,60.54351878166197,,1.0,-0.09999999999999998,0.0,0.0,True,False,False,False,False,False,False,0.07429769925003178,True
custom_repo,Custom repos,pallets/click,click_pr_3004,naming,1,Naming,False,False,0,0,0,2,2,0,50651.0,130259.0,79608.0,input_plus_output_tokens_excludes_cached_input,2804344.0,254.94840550422668,,0.0,-0.25,3.0,3.0,False,False,False,True,True,False,False,1.5716965114212949,True
custom_repo,Custom repos,pallets/click,click_pr_3004,type_hints,1,Type hints,False,False,0,0,0,2,2,0,50651.0,60986.0,10335.0,input_plus_output_tokens_excludes_cached_input,315487.0,30.32920241355893,,1.0,-0.15000000000000002,1.0,-1.0,False,False,False,True,True,False,False,0.2040433555112436,True
custom_repo,Custom repos,pallets/click,click_pr_3004,comments_docstrings,1,Comments/docstrings,False,True,0,0,0,2,0,-2,50651.0,70717.0,20066.0,input_plus_output_tokens_excludes_cached_input,-203678.0,-26.102590799331665,,0.0,-0.25,-1.0,0.0,False,False,True,False,True,False,False,0.39616197113581175,True
custom_repo,Custom repos,pallets/click,click_pr_3004,remove_tests,1,Remove tests,False,False,0,0,0,2,2,0,50651.0,67244.0,16593.0,input_plus_output_tokens_excludes_cached_input,45265.0,9.970163106918335,,-1.0,-0.08330000000000004,2.0,0.0,False,False,False,True,True,False,False,0.3275947167874277,True
custom_repo,Custom repos,copier-org/copier,copier_pr_2432,naming,1,Naming,True,False,0,1,1,0,51,51,84491.0,106505.0,22014.0,input_plus_output_tokens_excludes_cached_input,83966.0,-137.5120494365692,,0.0,0.0,0.0,0.0,False,True,False,False,False,True,True,0.26054846078280525,True
custom_repo,Custom repos,copier-org/copier,copier_pr_2432,type_hints,1,Type hints,True,True,0,0,0,0,0,0,84491.0,121232.0,36741.0,input_plus_output_tokens_excludes_cached_input,349317.0,-15.693458557128906,,0.0,0.0,4.0,0.0,True,False,False,False,False,False,False,0.4348510492241777,True
custom_repo,Custom repos,copier-org/copier,copier_pr_2432,comments_docstrings,1,Comments/docstrings,True,True,0,0,0,0,0,0,84491.0,152730.0,68239.0,input_plus_output_tokens_excludes_cached_input,805647.0,-10.812943935394287,,1.0,-0.09999999999999998,3.0,1.0,True,False,False,False,False,False,False,0.8076481518741642,True
custom_repo,Custom repos,copier-org/copier,copier_pr_2432,remove_tests,1,Remove tests,True,True,0,0,0,0,0,0,84491.0,71151.0,-13340.0,input_plus_output_tokens_excludes_cached_input,-282268.0,-134.44519257545468,,0.0,-0.25,1.0,1.0,True,False,False,False,False,False,False,-0.15788663881360146,False
custom_repo,Custom repos,copier-org/copier,copier_pr_2587,naming,1,Naming,False,False,1,3,2,0,0,0,145370.0,117910.0,-27460.0,input_plus_output_tokens_excludes_cached_input,478908.0,93.75505065917969,,-5.0,0.13640000000000002,7.0,3.0,False,False,False,True,True,False,True,-0.18889729655362178,False
custom_repo,Custom repos,copier-org/copier,copier_pr_2587,type_hints,1,Type hints,False,False,1,1,0,0,0,0,145370.0,124650.0,-20720.0,input_plus_output_tokens_excludes_cached_input,-44656.0,0.1466691493988037,,-2.0,-0.030299999999999994,2.0,-1.0,False,False,False,True,True,False,False,-0.14253284721744514,False
custom_repo,Custom repos,copier-org/copier,copier_pr_2587,comments_docstrings,1,Comments/docstrings,False,False,1,3,2,0,0,0,145370.0,125000.0,-20370.0,input_plus_output_tokens_excludes_cached_input,64366.0,19.24985671043396,,-4.0,0.065,0.0,-1.0,False,False,False,True,True,False,True,-0.14012519777120452,False
custom_repo,Custom repos,copier-org/copier,copier_pr_2587,remove_tests,1,Remove tests,False,False,1,3,2,0,0,0,145370.0,99080.0,-46290.0,input_plus_output_tokens_excludes_cached_input,-507858.0,-67.28388261795044,,-4.0,0.065,2.0,0.0,False,False,False,True,True,False,True,-0.3184288367613675,False
custom_repo,Custom repos,copier-org/copier,copier_pr_2605,naming,1,Naming,True,False,0,4,4,0,58,58,103475.0,116505.0,13030.0,input_plus_output_tokens_excludes_cached_input,-1069594.0,-99.0683913230896,,-1.0,0.07140000000000002,-2.0,-1.0,False,True,False,False,False,True,True,0.12592413626479826,True
custom_repo,Custom repos,copier-org/copier,copier_pr_2605,type_hints,1,Type hints,True,True,0,0,0,0,0,0,103475.0,121235.0,17760.0,input_plus_output_tokens_excludes_cached_input,225504.0,-51.028086900711116,,-1.0,0.07140000000000002,-2.0,0.0,True,False,False,False,False,False,False,0.17163566078762987,True
custom_repo,Custom repos,copier-org/copier,copier_pr_2605,comments_docstrings,1,Comments/docstrings,True,True,0,0,0,0,0,0,103475.0,110186.0,6711.0,input_plus_output_tokens_excludes_cached_input,-1242825.0,-169.92188620567327,,0.0,0.0,-2.0,-1.0,True,False,False,False,False,False,False,0.06485624546992028,True
custom_repo,Custom repos,copier-org/copier,copier_pr_2605,remove_tests,1,Remove tests,True,True,0,0,0,0,0,0,103475.0,102197.0,-1278.0,input_plus_output_tokens_excludes_cached_input,-1366014.0,-159.83064985275274,,-4.0,0.23809999999999998,-4.0,-2.0,True,False,False,False,False,False,False,-0.012350809374244986,False
custom_repo,Custom repos,encode/httpx,httpx_pr_2423,naming,1,Naming,True,False,0,0,0,0,26,26,33429.0,40326.0,6897.0,input_plus_output_tokens_excludes_cached_input,340465.0,87.71021842956543,,0.0,0.0,1.0,1.0,False,True,False,False,False,True,False,0.2063178677196446,True
custom_repo,Custom repos,encode/httpx,httpx_pr_2423,type_hints,1,Type hints,True,True,0,0,0,0,0,0,33429.0,58772.0,25343.0,input_plus_output_tokens_excludes_cached_input,361599.0,27.79898381233218,,0.0,0.0,1.0,1.0,True,False,False,False,False,False,False,0.7581142122109545,True
custom_repo,Custom repos,encode/httpx,httpx_pr_2423,comments_docstrings,1,Comments/docstrings,True,True,0,0,0,0,0,0,33429.0,48005.0,14576.0,input_plus_output_tokens_excludes_cached_input,102128.0,30.18116784095764,,0.0,0.0,-2.0,-1.0,True,False,False,False,False,False,False,0.43602859792395826,True
custom_repo,Custom repos,encode/httpx,httpx_pr_2423,remove_tests,1,Remove tests,True,True,0,0,0,0,0,0,33429.0,77854.0,44425.0,input_plus_output_tokens_excludes_cached_input,124937.0,27.617935180664062,,-2.0,-0.25,-1.0,0.0,True,False,False,False,False,False,False,1.328935953812558,True
custom_repo,Custom repos,encode/httpx,httpx_pr_2535,naming,1,Naming,True,True,0,0,0,0,0,0,97100.0,73456.0,-23644.0,input_plus_output_tokens_excludes_cached_input,1012900.0,123.48932361602783,,-4.0,0.30000000000000004,0.0,-2.0,True,False,False,False,False,False,False,-0.2435015447991761,False
custom_repo,Custom repos,encode/httpx,httpx_pr_2535,type_hints,1,Type hints,True,True,0,0,0,0,0,0,97100.0,154588.0,57488.0,input_plus_output_tokens_excludes_cached_input,1273232.0,237.7113859653473,,2.0,0.050000000000000044,10.0,3.0,True,False,False,False,False,False,False,0.5920494335736354,True
custom_repo,Custom repos,encode/httpx,httpx_pr_2535,comments_docstrings,1,Comments/docstrings,True,True,0,0,0,0,0,0,97100.0,197318.0,100218.0,input_plus_output_tokens_excludes_cached_input,2390010.0,295.9172978401184,,2.0,0.050000000000000044,9.0,3.0,True,False,False,False,False,False,False,1.0321112255406797,True
custom_repo,Custom repos,encode/httpx,httpx_pr_2535,remove_tests,1,Remove tests,True,True,0,0,0,0,0,0,97100.0,125980.0,28880.0,input_plus_output_tokens_excludes_cached_input,-172976.0,309.0149350166321,,-2.0,0.050000000000000044,6.0,0.0,True,False,False,False,False,False,False,0.29742533470648813,True
custom_repo,Custom repos,encode/httpx,httpx_pr_2547,naming,1,Naming,True,True,0,0,0,0,0,0,58739.0,68183.0,9444.0,input_plus_output_tokens_excludes_cached_input,483684.0,-5.019311189651489,,0.0,0.0,7.0,5.0,True,False,False,False,False,False,False,0.16077903947973238,True
custom_repo,Custom repos,encode/httpx,httpx_pr_2547,type_hints,1,Type hints,True,False,0,3,3,0,0,0,58739.0,129479.0,70740.0,input_plus_output_tokens_excludes_cached_input,-916396.0,-160.00209021568298,,3.0,0.07499999999999996,-2.0,0.0,False,True,False,False,False,False,True,1.2043105943240437,True
custom_repo,Custom repos,encode/httpx,httpx_pr_2547,comments_docstrings,1,Comments/docstrings,True,False,0,1,1,0,0,0,58739.0,79256.0,20517.0,input_plus_output_tokens_excludes_cached_input,-616795.0,-125.73051285743713,,2.0,0.19999999999999996,-1.0,0.0,False,True,False,False,False,False,True,0.3492909310679446,True
custom_repo,Custom repos,encode/httpx,httpx_pr_2547,remove_tests,1,Remove tests,True,False,0,3,3,0,0,0,58739.0,85742.0,27003.0,input_plus_output_tokens_excludes_cached_input,-14469.0,33.249868392944336,,2.0,0.05709999999999993,2.0,3.0,False,True,False,False,False,False,True,0.45971160557721447,True
custom_repo,Custom repos,marshmallow-code/marshmallow,marshmallow_pr_1632,naming,1,Naming,True,True,0,0,0,0,0,0,77649.0,74713.0,-2936.0,input_plus_output_tokens_excludes_cached_input,-597496.0,-30.56074690818781,,-2.0,0.4,4.0,1.0,True,False,False,False,False,False,False,-0.037811175932722894,False
custom_repo,Custom repos,marshmallow-code/marshmallow,marshmallow_pr_1632,type_hints,1,Type hints,True,True,0,0,0,0,0,0,77649.0,115935.0,38286.0,input_plus_output_tokens_excludes_cached_input,-510578.0,-65.68600797653198,,-2.0,0.4,5.0,3.0,True,False,False,False,False,False,False,0.4930649461036201,True
custom_repo,Custom repos,marshmallow-code/marshmallow,marshmallow_pr_1632,comments_docstrings,1,Comments/docstrings,True,True,0,0,0,0,0,0,77649.0,77725.0,76.0,input_plus_output_tokens_excludes_cached_input,-1198004.0,-154.12857151031494,,-2.0,0.4,1.0,0.0,True,False,False,False,False,False,False,0.0009787634097026363,True
custom_repo,Custom repos,marshmallow-code/marshmallow,marshmallow_pr_1632,remove_tests,1,Remove tests,True,True,0,0,0,0,0,0,77649.0,47026.0,-30623.0,input_plus_output_tokens_excludes_cached_input,-1378463.0,-162.1934003829956,,-2.0,0.06669999999999998,-1.0,0.0,True,False,False,False,False,False,False,-0.3943772617805767,False
custom_repo,Custom repos,marshmallow-code/marshmallow,marshmallow_pr_2772,naming,1,Naming,True,False,0,0,0,0,165,165,43164.0,150646.0,107482.0,input_plus_output_tokens_excludes_cached_input,889562.0,168.39341855049133,,2.0,-0.4,-1.0,-2.0,False,True,False,False,False,True,False,2.490084329533871,True
custom_repo,Custom repos,marshmallow-code/marshmallow,marshmallow_pr_2772,type_hints,1,Type hints,True,True,0,0,0,0,0,0,43164.0,96639.0,53475.0,input_plus_output_tokens_excludes_cached_input,327011.0,29.590430974960327,,2.0,-0.4,1.0,-2.0,True,False,False,False,False,False,False,1.2388796219071447,True
custom_repo,Custom repos,marshmallow-code/marshmallow,marshmallow_pr_2772,comments_docstrings,1,Comments/docstrings,True,True,0,0,0,0,0,0,43164.0,95772.0,52608.0,input_plus_output_tokens_excludes_cached_input,141696.0,6.879295587539673,,1.0,-0.25,-1.0,-2.0,True,False,False,False,False,False,False,1.2187934389769253,True
custom_repo,Custom repos,marshmallow-code/marshmallow,marshmallow_pr_2772,remove_tests,1,Remove tests,True,True,0,0,0,0,0,0,43164.0,55818.0,12654.0,input_plus_output_tokens_excludes_cached_input,153454.0,4.411744594574003,,1.0,-0.5,0.0,-2.0,True,False,False,False,False,False,False,0.29316096747289405,True
custom_repo,Custom repos,marshmallow-code/marshmallow,marshmallow_pr_2792,naming,1,Naming,True,True,0,0,0,0,0,0,62584.0,112255.0,49671.0,input_plus_output_tokens_excludes_cached_input,567943.0,127.82054710388184,,0.0,0.0,4.0,2.0,True,False,False,False,False,False,False,0.7936693084494439,True
custom_repo,Custom repos,marshmallow-code/marshmallow,marshmallow_pr_2792,type_hints,1,Type hints,True,True,0,0,0,0,0,0,62584.0,108703.0,46119.0,input_plus_output_tokens_excludes_cached_input,367655.0,66.31924796104431,,0.0,0.0,2.0,1.0,True,False,False,False,False,False,False,0.7369135881375432,True
custom_repo,Custom repos,marshmallow-code/marshmallow,marshmallow_pr_2792,comments_docstrings,1,Comments/docstrings,True,True,0,0,0,0,0,0,62584.0,36889.0,-25695.0,input_plus_output_tokens_excludes_cached_input,-174175.0,-29.666438341140747,,0.0,0.0,2.0,0.0,True,False,False,False,False,False,False,-0.4105681963441135,False
custom_repo,Custom repos,marshmallow-code/marshmallow,marshmallow_pr_2792,remove_tests,1,Remove tests,True,True,0,0,0,0,0,0,62584.0,152506.0,89922.0,input_plus_output_tokens_excludes_cached_input,1573186.0,202.17674565315252,,2.0,0.0,11.0,3.0,True,False,False,False,False,False,False,1.4368209126933402,True
custom_repo,Custom repos,jazzband/pip-tools,pip-tools_pr_1582,naming,1,Naming,True,True,0,0,0,0,0,0,43113.0,73569.0,30456.0,input_plus_output_tokens_excludes_cached_input,110456.0,-4.556586503982544,,0.0,0.0,-1.0,-1.0,True,False,False,False,False,False,False,0.7064226567392666,True
custom_repo,Custom repos,jazzband/pip-tools,pip-tools_pr_1582,type_hints,1,Type hints,True,True,0,0,0,0,0,0,43113.0,48866.0,5753.0,input_plus_output_tokens_excludes_cached_input,-53511.0,-3.1366705894470215,,0.0,0.0,-2.0,-1.0,True,False,False,False,False,False,False,0.1334400296894208,True
custom_repo,Custom repos,jazzband/pip-tools,pip-tools_pr_1582,comments_docstrings,1,Comments/docstrings,True,True,0,0,0,0,0,0,43113.0,54548.0,11435.0,input_plus_output_tokens_excludes_cached_input,-12501.0,7.061311483383179,,0.0,0.0,-2.0,-1.0,True,False,False,False,False,False,False,0.26523322431749125,True
custom_repo,Custom repos,jazzband/pip-tools,pip-tools_pr_1582,remove_tests,1,Remove tests,True,True,0,0,0,0,0,0,43113.0,57707.0,14594.0,input_plus_output_tokens_excludes_cached_input,-185470.0,-33.659969329834,,-1.0,0.0,-4.0,-2.0,True,False,False,False,False,False,False,0.33850578711757473,True
custom_repo,Custom repos,jazzband/pip-tools,pip-tools_pr_1893,naming,1,Naming,False,False,39,39,0,0,0,0,77286.0,134837.0,57551.0,input_plus_output_tokens_excludes_cached_input,136015.0,0.7291181087494181,,2.0,-0.25,3.0,2.0,False,False,False,True,True,False,False,0.7446497425148151,True
custom_repo,Custom repos,jazzband/pip-tools,pip-tools_pr_1893,type_hints,1,Type hints,False,False,39,39,0,0,0,0,77286.0,83953.0,6667.0,input_plus_output_tokens_excludes_cached_input,-61941.0,-19.30591464042658,,1.0,-0.33330000000000004,-1.0,0.0,False,False,False,True,True,False,False,0.0862640064177212,True
custom_repo,Custom repos,jazzband/pip-tools,pip-tools_pr_1893,comments_docstrings,1,Comments/docstrings,False,False,39,39,0,0,0,0,77286.0,138645.0,61359.0,input_plus_output_tokens_excludes_cached_input,225071.0,56.13722062110901,,0.0,0.0,5.0,1.0,False,False,False,True,True,False,False,0.793921279403773,True
custom_repo,Custom repos,jazzband/pip-tools,pip-tools_pr_1893,remove_tests,1,Remove tests,False,False,39,39,0,0,0,0,77286.0,192899.0,115613.0,input_plus_output_tokens_excludes_cached_input,665757.0,182.14165949821472,,3.0,-0.6,6.0,2.0,False,False,False,True,True,False,False,1.4959112905312735,True
custom_repo,Custom repos,jazzband/pip-tools,pip-tools_pr_2087,naming,1,Naming,False,False,1,1,0,0,0,0,80852.0,111478.0,30626.0,input_plus_output_tokens_excludes_cached_input,-357342.0,-85.22570896148676,,0.0,-0.33330000000000004,0.0,-1.0,False,False,False,True,True,False,False,0.3787908771582645,True
custom_repo,Custom repos,jazzband/pip-tools,pip-tools_pr_2087,type_hints,1,Type hints,False,False,1,1,0,0,0,0,80852.0,125843.0,44991.0,input_plus_output_tokens_excludes_cached_input,-538177.0,-118.48695659637451,,0.0,0.0,-1.0,1.0,False,False,False,True,True,False,False,0.5564611883441349,True
custom_repo,Custom repos,jazzband/pip-tools,pip-tools_pr_2087,comments_docstrings,1,Comments/docstrings,False,False,1,1,0,0,0,0,80852.0,143313.0,62461.0,input_plus_output_tokens_excludes_cached_input,1198589.0,-17.85707974433899,,2.0,-0.6,-2.0,-2.0,False,False,False,True,True,False,False,0.77253500222629,True
custom_repo,Custom repos,jazzband/pip-tools,pip-tools_pr_2087,remove_tests,1,Remove tests,False,False,1,1,0,0,0,0,80852.0,85783.0,4931.0,input_plus_output_tokens_excludes_cached_input,-479805.0,-167.1431360244751,,0.0,-0.6667000000000001,0.0,1.0,False,False,False,True,True,False,False,0.06098797803393855,True
custom_repo,Custom repos,pydantic/pydantic-settings,pydantic-settings_pr_730,naming,1,Naming,False,False,3,5,2,0,0,0,102836.0,43960.0,-58876.0,input_plus_output_tokens_excludes_cached_input,-291836.0,-79.19539284706116,,0.0,0.0,0.0,0.0,False,False,False,True,True,False,True,-0.5725232408884049,False
custom_repo,Custom repos,pydantic/pydantic-settings,pydantic-settings_pr_730,type_hints,1,Type hints,False,False,3,5,2,0,0,0,102836.0,100458.0,-2378.0,input_plus_output_tokens_excludes_cached_input,-101066.0,-19.36264157295227,,2.0,-0.25,-2.0,-1.0,False,False,False,True,True,False,True,-0.023124197751760084,False
custom_repo,Custom repos,pydantic/pydantic-settings,pydantic-settings_pr_730,comments_docstrings,1,Comments/docstrings,False,False,3,5,2,0,0,0,102836.0,93564.0,-9272.0,input_plus_output_tokens_excludes_cached_input,283976.0,-3.3083717823028564,,2.0,-0.25,-2.0,-1.0,False,False,False,True,True,False,True,-0.09016297794546657,False
custom_repo,Custom repos,pydantic/pydantic-settings,pydantic-settings_pr_730,remove_tests,1,Remove tests,False,False,3,5,2,0,0,0,102836.0,49174.0,-53662.0,input_plus_output_tokens_excludes_cached_input,-521502.0,-162.9712405204773,,2.0,-0.4167,-3.0,-2.0,False,False,False,True,True,False,True,-0.5218211521257148,False
custom_repo,Custom repos,pydantic/pydantic-settings,pydantic-settings_pr_773,naming,1,Naming,False,False,2,3,1,0,0,0,87665.0,71109.0,-16556.0,input_plus_output_tokens_excludes_cached_input,271444.0,-262.3661458492279,,-2.0,0.0,4.0,2.0,False,False,False,True,True,False,True,-0.18885530143158616,False
custom_repo,Custom repos,pydantic/pydantic-settings,pydantic-settings_pr_773,type_hints,1,Type hints,False,False,2,2,0,0,0,0,87665.0,82830.0,-4835.0,input_plus_output_tokens_excludes_cached_input,454941.0,-207.4067461490631,,0.0,0.0,1.0,0.0,False,False,False,True,True,False,False,-0.055153139793532195,False
custom_repo,Custom repos,pydantic/pydantic-settings,pydantic-settings_pr_773,comments_docstrings,1,Comments/docstrings,False,False,2,2,0,0,0,0,87665.0,113946.0,26281.0,input_plus_output_tokens_excludes_cached_input,-48343.0,-288.1692638397216,,-3.0,0.09999999999999998,1.0,-1.0,False,False,False,True,True,False,False,0.2997889693720413,True
custom_repo,Custom repos,pydantic/pydantic-settings,pydantic-settings_pr_773,remove_tests,1,Remove tests,False,True,2,0,-2,0,0,0,87665.0,84602.0,-3063.0,input_plus_output_tokens_excludes_cached_input,371977.0,-303.5162260532379,,1.0,-0.05559999999999998,3.0,0.0,False,False,True,False,True,False,False,-0.034939827753379345,False
custom_repo,Custom repos,pydantic/pydantic-settings,pydantic-settings_pr_780,naming,1,Naming,True,False,0,1,1,0,184,184,119647.0,131315.0,11668.0,input_plus_output_tokens_excludes_cached_input,224788.0,108.28130030632019,,0.0,0.0,-10.0,-2.0,False,True,False,False,False,True,True,0.09752020527050406,True
custom_repo,Custom repos,pydantic/pydantic-settings,pydantic-settings_pr_780,type_hints,1,Type hints,True,True,0,0,0,0,0,0,119647.0,156765.0,37118.0,input_plus_output_tokens_excludes_cached_input,-316418.0,-42.47037220001221,,0.0,0.0,-4.0,-1.0,True,False,False,False,False,False,False,0.31022925773316506,True
custom_repo,Custom repos,pydantic/pydantic-settings,pydantic-settings_pr_780,comments_docstrings,1,Comments/docstrings,True,True,0,0,0,0,0,0,119647.0,104677.0,-14970.0,input_plus_output_tokens_excludes_cached_input,189318.0,34.617732763290405,,0.0,0.0,1.0,1.0,True,False,False,False,False,False,False,-0.12511805561359665,False
custom_repo,Custom repos,pydantic/pydantic-settings,pydantic-settings_pr_780,remove_tests,1,Remove tests,True,True,0,0,0,0,0,0,119647.0,73942.0,-45705.0,input_plus_output_tokens_excludes_cached_input,-211593.0,8.057358741760254,,0.0,0.0,-3.0,-1.0,True,False,False,False,False,False,False,-0.38199871288038983,False
custom_repo,Custom repos,encode/starlette,starlette_pr_2194,naming,1,Naming,True,True,0,0,0,0,0,0,36378.0,82192.0,45814.0,input_plus_output_tokens_excludes_cached_input,665718.0,212.0364065170288,,0.0,0.25,1.0,1.0,True,False,False,False,False,False,False,1.2593875419209413,True
custom_repo,Custom repos,encode/starlette,starlette_pr_2194,type_hints,1,Type hints,True,True,0,0,0,0,0,0,36378.0,51206.0,14828.0,input_plus_output_tokens_excludes_cached_input,22380.0,-0.06330990791323643,,-2.0,0.5,3.0,3.0,True,False,False,False,False,False,False,0.40760899444719334,True
custom_repo,Custom repos,encode/starlette,starlette_pr_2194,comments_docstrings,1,Comments/docstrings,True,True,0,0,0,0,0,0,36378.0,107383.0,71005.0,input_plus_output_tokens_excludes_cached_input,107741.0,44.85623979568476,,-2.0,0.5,4.0,4.0,True,False,False,False,False,False,False,1.9518665127274726,True
custom_repo,Custom repos,encode/starlette,starlette_pr_2194,remove_tests,1,Remove tests,True,True,0,0,0,0,0,0,36378.0,36282.0,-96.0,input_plus_output_tokens_excludes_cached_input,-158176.0,-61.002650976181044,,1.0,-0.3,1.0,1.0,True,False,False,False,False,False,False,-0.002638957611743361,False
custom_repo,Custom repos,encode/starlette,starlette_pr_2400,naming,1,Naming,True,False,0,0,0,0,8,8,142049.0,126622.0,-15427.0,input_plus_output_tokens_excludes_cached_input,-112579.0,-30.68522548675537,,-3.0,0.022700000000000053,-3.0,-3.0,False,True,False,False,False,True,False,-0.10860336925990327,False
custom_repo,Custom repos,encode/starlette,starlette_pr_2400,type_hints,1,Type hints,True,True,0,0,0,0,0,0,142049.0,183106.0,41057.0,input_plus_output_tokens_excludes_cached_input,712545.0,154.24338054656988,,-5.0,0.1060000000000001,-4.0,-4.0,True,False,False,False,False,False,False,0.2890340657097199,True
custom_repo,Custom repos,encode/starlette,starlette_pr_2400,comments_docstrings,1,Comments/docstrings,True,True,0,0,0,0,0,0,142049.0,179067.0,37018.0,input_plus_output_tokens_excludes_cached_input,65306.0,46.78880524635315,,-2.0,0.16160000000000008,-4.0,-5.0,True,False,False,False,False,False,False,0.26060021541862316,True
custom_repo,Custom repos,encode/starlette,starlette_pr_2400,remove_tests,1,Remove tests,True,True,0,0,0,0,0,0,142049.0,153288.0,11239.0,input_plus_output_tokens_excludes_cached_input,185319.0,19.842201709747314,,-4.0,0.12980000000000003,-5.0,-5.0,True,False,False,False,False,False,False,0.07912058515019466,True
custom_repo,Custom repos,encode/starlette,starlette_pr_2422,naming,1,Naming,False,False,1,0,-1,0,2,2,22663.0,31800.0,9137.0,input_plus_output_tokens_excludes_cached_input,33329.0,33.382564306259155,,1.0,-0.16669999999999996,0.0,1.0,False,False,False,True,True,True,False,0.40316815955522217,True
custom_repo,Custom repos,encode/starlette,starlette_pr_2422,type_hints,1,Type hints,False,True,1,0,-1,0,0,0,22663.0,45327.0,22664.0,input_plus_output_tokens_excludes_cached_input,-27128.0,7.690487861633301,,0.0,0.0,0.0,1.0,False,False,True,False,True,False,False,1.0000441247848917,True
custom_repo,Custom repos,encode/starlette,starlette_pr_2422,comments_docstrings,1,Comments/docstrings,False,True,1,0,-1,0,0,0,22663.0,25668.0,3005.0,input_plus_output_tokens_excludes_cached_input,-13507.0,19.63311743736267,,-1.0,0.33330000000000004,1.0,2.0,False,False,True,False,True,False,False,0.13259497859947933,True
custom_repo,Custom repos,encode/starlette,starlette_pr_2422,remove_tests,1,Remove tests,False,True,1,0,-1,0,0,0,22663.0,71746.0,49083.0,input_plus_output_tokens_excludes_cached_input,-69445.0,42.822746992111206,,1.0,-0.16669999999999996,-2.0,-2.0,False,False,True,False,True,False,False,2.165776816838018,True
custom_repo,Custom repos,hynek/structlog,structlog_pr_483,naming,1,Naming,True,True,0,0,0,0,0,0,53902.0,109935.0,56033.0,input_plus_output_tokens_excludes_cached_input,613473.0,84.0480465888977,,2.0,-0.16670000000000001,4.0,4.0,True,False,False,False,False,False,False,1.0395347111424438,True
custom_repo,Custom repos,hynek/structlog,structlog_pr_483,type_hints,1,Type hints,True,True,0,0,0,0,0,0,53902.0,64978.0,11076.0,input_plus_output_tokens_excludes_cached_input,206276.0,1.3074612617492676,,0.0,0.0,3.0,2.0,True,False,False,False,False,False,False,0.20548402656673223,True
custom_repo,Custom repos,hynek/structlog,structlog_pr_483,comments_docstrings,1,Comments/docstrings,True,True,0,0,0,0,0,0,53902.0,84119.0,30217.0,input_plus_output_tokens_excludes_cached_input,599817.0,97.80615782737726,,0.0,0.0,4.0,1.0,True,False,False,False,False,False,False,0.5605914437312159,True
custom_repo,Custom repos,hynek/structlog,structlog_pr_483,remove_tests,1,Remove tests,True,True,0,0,0,0,0,0,53902.0,76408.0,22506.0,input_plus_output_tokens_excludes_cached_input,458474.0,39.413853883743315,,3.0,-0.2143,3.0,2.0,True,False,False,False,False,False,False,0.417535527438685,True
custom_repo,Custom repos,hynek/structlog,structlog_pr_489,naming,1,Naming,True,True,0,0,0,0,0,0,106201.0,111047.0,4846.0,input_plus_output_tokens_excludes_cached_input,-56850.0,-366.209992647171,,1.0,-0.06670000000000004,-6.0,-4.0,True,False,False,False,False,False,False,0.045630455457104924,True
custom_repo,Custom repos,hynek/structlog,structlog_pr_489,type_hints,1,Type hints,True,True,0,0,0,0,0,0,106201.0,100245.0,-5956.0,input_plus_output_tokens_excludes_cached_input,-632132.0,-214.87262177467346,,-1.0,0.09999999999999998,-4.0,-3.0,True,False,False,False,False,False,False,-0.05608233444129528,False
custom_repo,Custom repos,hynek/structlog,structlog_pr_489,comments_docstrings,1,Comments/docstrings,True,False,0,2,2,0,0,0,106201.0,108934.0,2733.0,input_plus_output_tokens_excludes_cached_input,-358739.0,-217.35915613174438,,0.0,0.0,-2.0,0.0,False,True,False,False,False,False,True,0.02573422095837139,True
custom_repo,Custom repos,hynek/structlog,structlog_pr_489,remove_tests,1,Remove tests,True,True,0,0,0,0,0,0,106201.0,128632.0,22431.0,input_plus_output_tokens_excludes_cached_input,-575201.0,-504.5946798324585,,1.0,-0.23330000000000004,-9.0,-3.0,True,False,False,False,False,False,False,0.21121270044538187,True
custom_repo,Custom repos,hynek/structlog,structlog_pr_713,naming,1,Naming,True,True,0,0,0,0,0,0,71807.0,59553.0,-12254.0,input_plus_output_tokens_excludes_cached_input,43938.0,-6.721914291381836,,-1.0,0.16669999999999996,4.0,4.0,True,False,False,False,False,False,False,-0.17065188630634898,False
custom_repo,Custom repos,hynek/structlog,structlog_pr_713,type_hints,1,Type hints,True,True,0,0,0,0,0,0,71807.0,52198.0,-19609.0,input_plus_output_tokens_excludes_cached_input,35431.0,35.09065389633179,,-2.0,0.5,1.0,1.0,True,False,False,False,False,False,False,-0.27307922625927833,False
custom_repo,Custom repos,hynek/structlog,structlog_pr_713,comments_docstrings,1,Comments/docstrings,True,True,0,0,0,0,0,0,71807.0,26396.0,-45411.0,input_plus_output_tokens_excludes_cached_input,-81379.0,-25.880672931671143,,-1.0,0.16669999999999996,0.0,1.0,True,False,False,False,False,False,False,-0.6324035261186235,False
custom_repo,Custom repos,hynek/structlog,structlog_pr_713,remove_tests,1,Remove tests,True,True,0,0,0,0,0,0,71807.0,57416.0,-14391.0,input_plus_output_tokens_excludes_cached_input,685897.0,503.0593111515045,,-2.0,0.5,5.0,1.0,True,False,False,False,False,False,False,-0.20041221607921234,False
custom_repo,Custom repos,encode/uvicorn,uvicorn_pr_2183,naming,1,Naming,True,False,0,1,1,0,0,0,127638.0,96689.0,-30949.0,input_plus_output_tokens_excludes_cached_input,-120037.0,-150.5999355316162,,-5.0,0.16669999999999996,2.0,1.0,False,True,False,False,False,False,True,-0.24247481157648976,False
custom_repo,Custom repos,encode/uvicorn,uvicorn_pr_2183,type_hints,1,Type hints,True,True,0,0,0,0,0,0,127638.0,145135.0,17497.0,input_plus_output_tokens_excludes_cached_input,-32039.0,-154.06395030021667,,-3.0,-0.09999999999999998,2.0,2.0,True,False,False,False,False,False,False,0.13708300036039425,True
custom_repo,Custom repos,encode/uvicorn,uvicorn_pr_2183,comments_docstrings,1,Comments/docstrings,True,True,0,0,0,0,0,0,127638.0,148988.0,21350.0,input_plus_output_tokens_excludes_cached_input,249190.0,-146.5640103816986,,-2.0,0.16669999999999996,2.0,1.0,True,False,False,False,False,False,False,0.16726993528572995,True
custom_repo,Custom repos,encode/uvicorn,uvicorn_pr_2183,remove_tests,1,Remove tests,True,True,0,0,0,0,0,0,127638.0,126674.0,-964.0,input_plus_output_tokens_excludes_cached_input,756668.0,-65.57312798500061,,-1.0,-0.07140000000000002,-1.0,2.0,True,False,False,False,False,False,False,-0.007552609724376753,False
custom_repo,Custom repos,encode/uvicorn,uvicorn_pr_2561,naming,1,Naming,True,False,0,1,1,0,0,0,35153.0,75176.0,40023.0,input_plus_output_tokens_excludes_cached_input,260055.0,61.392043590545654,,0.0,0.0,0.0,0.0,False,True,False,False,False,False,True,1.1385372514436891,True
custom_repo,Custom repos,encode/uvicorn,uvicorn_pr_2561,type_hints,1,Type hints,True,True,0,0,0,0,0,0,35153.0,42236.0,7083.0,input_plus_output_tokens_excludes_cached_input,118827.0,33.236814737319946,,0.0,0.0,-2.0,-1.0,True,False,False,False,False,False,False,0.20149062668904502,True
custom_repo,Custom repos,encode/uvicorn,uvicorn_pr_2561,comments_docstrings,1,Comments/docstrings,True,True,0,0,0,0,0,0,35153.0,31025.0,-4128.0,input_plus_output_tokens_excludes_cached_input,77792.0,-17.820039272308335,,-2.0,-0.20830000000000004,-3.0,-1.0,True,False,False,False,False,False,False,-0.11742952237362388,False
custom_repo,Custom repos,encode/uvicorn,uvicorn_pr_2561,remove_tests,1,Remove tests,True,True,0,0,0,0,0,0,35153.0,83757.0,48604.0,input_plus_output_tokens_excludes_cached_input,294876.0,84.60577940940857,,3.0,-0.23860000000000003,-1.0,0.0,True,False,False,False,False,False,False,1.3826415953119222,True
custom_repo,Custom repos,encode/uvicorn,uvicorn_pr_2829,naming,1,Naming,True,True,0,0,0,0,0,0,113684.0,120577.0,6893.0,input_plus_output_tokens_excludes_cached_input,1215213.0,245.81789016723633,,3.0,-0.17859999999999998,-1.0,1.0,True,False,False,False,False,False,False,0.060632982653671584,True
custom_repo,Custom repos,encode/uvicorn,uvicorn_pr_2829,type_hints,1,Type hints,True,False,0,4,4,0,0,0,113684.0,105126.0,-8558.0,input_plus_output_tokens_excludes_cached_input,-151150.0,-16.50746512413025,,1.0,-0.15000000000000002,-2.0,-2.0,False,True,False,False,False,False,True,-0.07527884310896872,False
custom_repo,Custom repos,encode/uvicorn,uvicorn_pr_2829,comments_docstrings,1,Comments/docstrings,True,True,0,0,0,0,0,0,113684.0,91068.0,-22616.0,input_plus_output_tokens_excludes_cached_input,-98776.0,73.18935799598694,,1.0,-0.15000000000000002,0.0,-1.0,True,False,False,False,False,False,False,-0.1989374054396397,False
custom_repo,Custom repos,encode/uvicorn,uvicorn_pr_2829,remove_tests,1,Remove tests,True,True,0,0,0,0,0,0,113684.0,48105.0,-65579.0,input_plus_output_tokens_excludes_cached_input,-584747.0,-52.63814949989322,,3.0,-0.4643,-6.0,-3.0,True,False,False,False,False,False,False,-0.5768533830618204,False
swebench,SWE-bench,pytest-dev/pytest,pytest-dev__pytest-10081,comments_docstrings,2,Comments/docstrings,True,True,0,0,0,0,0,0,358121.0,409061.0,50940.0,input_plus_output_tokens_excludes_cached_input,,,0.0,0.0,0.0,,,True,False,False,False,False,False,False,0.14224242644245938,True
swebench,SWE-bench,pytest-dev/pytest,pytest-dev__pytest-10081,naming,0,Naming,True,True,0,0,0,0,0,0,347905.0,1251047.0,903142.0,input_plus_output_tokens_excludes_cached_input,,,0.0,1.0,-0.3333,,,True,False,False,False,False,False,False,2.5959442951380405,True
swebench,SWE-bench,pytest-dev/pytest,pytest-dev__pytest-10081,remove_tests,3,Remove tests,True,True,0,0,0,0,0,0,377920.0,561082.0,183162.0,input_plus_output_tokens_excludes_cached_input,,,1.0,3.0,-0.8,,,True,False,False,False,False,False,False,0.4846581287044877,True
swebench,SWE-bench,pytest-dev/pytest,pytest-dev__pytest-10081,type_hints,1,Type hints,True,True,0,0,0,0,0,0,250333.0,544281.0,293948.0,input_plus_output_tokens_excludes_cached_input,,,0.0,0.0,0.0,,,True,False,False,False,False,False,False,1.174227928399372,True
swebench,SWE-bench,pytest-dev/pytest,pytest-dev__pytest-10356,comments_docstrings,2,Comments/docstrings,False,False,1,1,0,0,0,0,1006599.0,1012754.0,6155.0,input_plus_output_tokens_excludes_cached_input,,,0.0,-1.0,0.0667,,,False,False,False,True,True,False,False,0.006114649428421845,True
swebench,SWE-bench,pytest-dev/pytest,pytest-dev__pytest-10356,naming,0,Naming,False,False,1,1,0,0,0,0,1187515.0,402273.0,-785242.0,input_plus_output_tokens_excludes_cached_input,,,1.0,0.0,0.0,,,False,False,False,True,True,False,False,-0.6612480684454513,False
swebench,SWE-bench,pytest-dev/pytest,pytest-dev__pytest-10356,remove_tests,3,Remove tests,False,False,1,1,0,0,0,0,675482.0,705289.0,29807.0,input_plus_output_tokens_excludes_cached_input,,,1.0,0.0,-0.25,,,False,False,False,True,True,False,False,0.04412700856573528,True
swebench,SWE-bench,pytest-dev/pytest,pytest-dev__pytest-10356,type_hints,1,Type hints,False,False,1,1,0,0,0,0,638856.0,559123.0,-79733.0,input_plus_output_tokens_excludes_cached_input,,,0.0,-1.0,0.1666999999999999,,,False,False,False,True,True,False,False,-0.12480590305170493,False
swebench,SWE-bench,pytest-dev/pytest,pytest-dev__pytest-7432,comments_docstrings,1,Comments/docstrings,True,True,0,0,0,0,0,0,601957.0,681797.0,79840.0,input_plus_output_tokens_excludes_cached_input,,,0.0,0.0,-0.3333,,,True,False,False,False,False,False,False,0.13263405857893504,True
swebench,SWE-bench,pytest-dev/pytest,pytest-dev__pytest-7432,comments_docstrings,2,Comments/docstrings,True,True,0,0,0,0,0,0,395871.0,427527.0,31656.0,input_plus_output_tokens_excludes_cached_input,,,0.0,0.0,-0.3333,,,True,False,False,False,False,False,False,0.07996544328834393,True
swebench,SWE-bench,pytest-dev/pytest,pytest-dev__pytest-7432,remove_tests,3,Remove tests,True,True,0,0,0,0,0,0,458343.0,229546.0,-228797.0,input_plus_output_tokens_excludes_cached_input,,,1.0,-1.0,0.3333,,,True,False,False,False,False,False,False,-0.49918292632373573,False
swebench,SWE-bench,pytest-dev/pytest,pytest-dev__pytest-7432,remove_tests,4,Remove tests,True,True,0,0,0,0,0,0,283057.0,299119.0,16062.0,input_plus_output_tokens_excludes_cached_input,,,1.0,0.0,0.0,,,True,False,False,False,False,False,False,0.0567447545900649,True
swebench,SWE-bench,pytest-dev/pytest,pytest-dev__pytest-7432,type_hints,5,Type hints,True,True,0,0,0,0,0,0,353523.0,312176.0,-41347.0,input_plus_output_tokens_excludes_cached_input,,,0.0,-1.0,0.3333,,,True,False,False,False,False,False,False,-0.11695702966992247,False
swebench,SWE-bench,pytest-dev/pytest,pytest-dev__pytest-7432,naming,6,Naming,True,True,0,0,0,0,0,0,417880.0,456796.0,38916.0,input_plus_output_tokens_excludes_cached_input,,,0.0,-2.0,0.5,,,True,False,False,False,False,False,False,0.09312721355413037,True
swebench,SWE-bench,scikit-learn/scikit-learn,scikit-learn__scikit-learn-26194,remove_tests,2,Remove tests,True,True,0,0,0,0,0,0,989746.0,1928147.0,938401.0,input_plus_output_tokens_excludes_cached_input,,,1.0,0.0,0.0,,,True,False,False,False,False,False,False,0.9481230537935996,True
swebench,SWE-bench,scikit-learn/scikit-learn,scikit-learn__scikit-learn-26194,comments_docstrings,0,Comments/docstrings,True,True,0,0,0,0,0,0,518843.0,400537.0,-118306.0,input_plus_output_tokens_excludes_cached_input,,,1.0,-1.0,0.3333,,,True,False,False,False,False,False,False,-0.22801888047058552,False
swebench,SWE-bench,scikit-learn/scikit-learn,scikit-learn__scikit-learn-26194,comments_docstrings,1,Comments/docstrings,True,True,0,0,0,0,0,0,460576.0,525605.0,65029.0,input_plus_output_tokens_excludes_cached_input,,,0.0,0.0,0.0,,,True,False,False,False,False,False,False,0.1411905961231154,True
swebench,SWE-bench,sphinx-doc/sphinx,sphinx-doc__sphinx-10449,comments_docstrings,2,Comments/docstrings,True,True,0,0,0,0,0,0,387291.0,558719.0,171428.0,input_plus_output_tokens_excludes_cached_input,,,-1.0,1.0,-0.0667,,,True,False,False,False,False,False,False,0.4426335752702748,True
swebench,SWE-bench,sphinx-doc/sphinx,sphinx-doc__sphinx-10449,naming,0,Naming,True,True,0,0,0,0,0,0,416014.0,975565.0,559551.0,input_plus_output_tokens_excludes_cached_input,,,0.0,-1.0,0.0999999999999999,,,True,False,False,False,False,False,False,1.3450292538231887,True
swebench,SWE-bench,sphinx-doc/sphinx,sphinx-doc__sphinx-10449,remove_tests,3,Remove tests,True,True,0,0,0,0,0,0,374935.0,762784.0,387849.0,input_plus_output_tokens_excludes_cached_input,,,1.0,2.0,-0.3333,,,True,False,False,False,False,False,False,1.034443303505941,True
swebench,SWE-bench,sphinx-doc/sphinx,sphinx-doc__sphinx-10449,type_hints,1,Type hints,True,True,0,0,0,0,0,0,554643.0,864539.0,309896.0,input_plus_output_tokens_excludes_cached_input,,,0.0,0.0,0.0,,,True,False,False,False,False,False,False,0.5587305708356547,True
swebench,SWE-bench,sphinx-doc/sphinx,sphinx-doc__sphinx-9367,comments_docstrings,2,Comments/docstrings,True,True,0,0,0,0,0,0,246085.0,304223.0,58138.0,input_plus_output_tokens_excludes_cached_input,,,0.0,0.0,0.0,,,True,False,False,False,False,False,False,0.23625170164780462,True
swebench,SWE-bench,sphinx-doc/sphinx,sphinx-doc__sphinx-9367,naming,0,Naming,True,True,0,0,0,0,0,0,176505.0,313277.0,136772.0,input_plus_output_tokens_excludes_cached_input,,,0.0,1.0,-0.3333,,,True,False,False,False,False,False,False,0.7748902297385343,True
swebench,SWE-bench,sphinx-doc/sphinx,sphinx-doc__sphinx-9367,remove_tests,3,Remove tests,True,True,0,0,0,0,0,0,212776.0,284400.0,71624.0,input_plus_output_tokens_excludes_cached_input,,,0.0,-1.0,0.0,,,True,False,False,False,False,False,False,0.3366169116817686,True
swebench,SWE-bench,sphinx-doc/sphinx,sphinx-doc__sphinx-9367,type_hints,1,Type hints,True,True,0,0,0,0,0,0,174859.0,327878.0,153019.0,input_plus_output_tokens_excludes_cached_input,,,0.0,0.0,0.0,,,True,False,False,False,False,False,False,0.8750993657747099,True
swebench,SWE-bench,sphinx-doc/sphinx,sphinx-doc__sphinx-9673,comments_docstrings,2,Comments/docstrings,True,True,0,0,0,0,0,0,260101.0,326402.0,66301.0,input_plus_output_tokens_excludes_cached_input,,,0.0,3.0,-0.3334,,,True,False,False,False,False,False,False,0.2549048254331971,True
swebench,SWE-bench,sphinx-doc/sphinx,sphinx-doc__sphinx-9673,naming,0,Naming,True,True,0,0,0,0,0,0,392263.0,371918.0,-20345.0,input_plus_output_tokens_excludes_cached_input,,,0.0,-3.0,0.3334,,,True,False,False,False,False,False,False,-0.051865712544899724,False
swebench,SWE-bench,sphinx-doc/sphinx,sphinx-doc__sphinx-9673,type_hints,1,Type hints,True,True,0,0,0,0,0,0,718661.0,377250.0,-341411.0,input_plus_output_tokens_excludes_cached_input,,,0.0,1.0,-0.0999999999999999,,,True,False,False,False,False,False,False,-0.47506543418941616,False
swebench,SWE-bench,sphinx-doc/sphinx,sphinx-doc__sphinx-9673,remove_tests,3,Remove tests,True,True,0,0,0,0,0,0,403192.0,447693.0,44501.0,input_plus_output_tokens_excludes_cached_input,,,1.0,5.0,-0.3889,,,True,False,False,False,False,False,False,0.11037173356614219,True
swebench,SWE-bench,scikit-learn/scikit-learn,scikit-learn__scikit-learn-25232,naming,0,Naming,True,True,0,0,0,0,0,0,827002.0,977987.0,150985.0,input_plus_output_tokens_excludes_cached_input,,,1.0,0.0,0.0,,,True,False,False,False,False,False,False,0.18256908689459034,True
swebench,SWE-bench,pydata/xarray,pydata__xarray-3677,naming,0,Naming,True,False,0,0,0,0,8,8,413059.0,684397.0,271338.0,input_plus_output_tokens_excludes_cached_input,,,14.0,2.0,-0.2666999999999999,,,False,True,False,False,False,True,False,0.6568988933784278,True
swebench,SWE-bench,pydata/xarray,pydata__xarray-3677,type_hints,1,Type hints,True,True,0,0,0,0,0,0,508335.0,358785.0,-149550.0,input_plus_output_tokens_excludes_cached_input,,,1.0,-1.0,0.0999999999999999,,,True,False,False,False,False,False,False,-0.2941957567352238,False
swebench,SWE-bench,pydata/xarray,pydata__xarray-3677,comments_docstrings,2,Comments/docstrings,True,True,0,0,0,0,0,0,426628.0,547441.0,120813.0,input_plus_output_tokens_excludes_cached_input,,,1.0,0.0,0.0,,,True,False,False,False,False,False,False,0.28318113204009115,True
swebench,SWE-bench,pydata/xarray,pydata__xarray-3677,remove_tests,3,Remove tests,True,True,0,0,0,0,0,0,327266.0,435829.0,108563.0,input_plus_output_tokens_excludes_cached_input,,,1.0,1.0,-0.3,,,True,False,False,False,False,False,False,0.33172709661254146,True
swebench,SWE-bench,pydata/xarray,pydata__xarray-4629,naming,0,Naming,True,False,0,0,0,0,1,1,204133.0,398155.0,194022.0,input_plus_output_tokens_excludes_cached_input,,,0.0,0.0,0.0,,,False,True,False,False,False,True,False,0.9504685670616706,True
swebench,SWE-bench,pydata/xarray,pydata__xarray-4629,type_hints,1,Type hints,True,True,0,0,0,0,0,0,197461.0,256233.0,58772.0,input_plus_output_tokens_excludes_cached_input,,,0.0,0.0,0.0,,,True,False,False,False,False,False,False,0.2976385210244048,True
swebench,SWE-bench,pydata/xarray,pydata__xarray-4629,comments_docstrings,2,Comments/docstrings,True,True,0,0,0,0,0,0,172345.0,390754.0,218409.0,input_plus_output_tokens_excludes_cached_input,,,0.0,1.0,-0.3333,,,True,False,False,False,False,False,False,1.2672778438597,True
swebench,SWE-bench,pydata/xarray,pydata__xarray-4629,remove_tests,3,Remove tests,True,True,0,0,0,0,0,0,278069.0,268874.0,-9195.0,input_plus_output_tokens_excludes_cached_input,,,0.0,-1.0,0.0,,,True,False,False,False,False,False,False,-0.03306733220891218,False
swebench,SWE-bench,pydata/xarray,pydata__xarray-4966,naming,0,Naming,True,False,0,4,4,0,17,17,489466.0,960559.0,471093.0,input_plus_output_tokens_excludes_cached_input,,,2.0,0.0,0.0,,,False,True,False,False,False,True,True,0.9624631741530566,True
swebench,SWE-bench,pydata/xarray,pydata__xarray-4966,type_hints,1,Type hints,True,True,0,0,0,0,0,0,454613.0,614080.0,159467.0,input_plus_output_tokens_excludes_cached_input,,,0.0,0.0,0.0,,,True,False,False,False,False,False,False,0.3507752747941656,True
swebench,SWE-bench,pydata/xarray,pydata__xarray-4966,comments_docstrings,2,Comments/docstrings,True,True,0,0,0,0,0,0,459782.0,555215.0,95433.0,input_plus_output_tokens_excludes_cached_input,,,0.0,1.0,-0.0999999999999999,,,True,False,False,False,False,False,False,0.20756140953756344,True
swebench,SWE-bench,pydata/xarray,pydata__xarray-4966,remove_tests,3,Remove tests,True,True,0,0,0,0,0,0,516662.0,515154.0,-1508.0,input_plus_output_tokens_excludes_cached_input,,,1.0,1.0,-0.3,,,True,False,False,False,False,False,False,-0.0029187360401964923,False
swebench,SWE-bench,sympy/sympy,sympy__sympy-11618,naming,0,Naming,True,False,0,0,0,0,2,2,526554.0,521011.0,-5543.0,input_plus_output_tokens_excludes_cached_input,,,3.0,0.0,0.0,,,False,True,False,False,False,True,False,-0.010526935508988632,False
swebench,SWE-bench,sympy/sympy,sympy__sympy-11618,comments_docstrings,2,Comments/docstrings,True,True,0,0,0,0,0,0,651001.0,644603.0,-6398.0,input_plus_output_tokens_excludes_cached_input,,,0.0,0.0,0.0,,,True,False,False,False,False,False,False,-0.009827941892562376,False
swebench,SWE-bench,sympy/sympy,sympy__sympy-11618,remove_tests,3,Remove tests,True,True,0,0,0,0,0,0,592535.0,1081342.0,488807.0,input_plus_output_tokens_excludes_cached_input,,,0.0,-1.0,0.0,,,True,False,False,False,False,False,False,0.8249419865493177,True
swebench,SWE-bench,sympy/sympy,sympy__sympy-11618,type_hints,1,Type hints,True,True,0,0,0,0,0,0,501705.0,334294.0,-167411.0,input_plus_output_tokens_excludes_cached_input,,,0.0,0.0,0.0,,,True,False,False,False,False,False,False,-0.33368413709251454,False
swebench,SWE-bench,sympy/sympy,sympy__sympy-12096,naming,0,Naming,True,True,0,0,0,0,0,0,739131.0,1563817.0,824686.0,input_plus_output_tokens_excludes_cached_input,,,6.0,3.0,0.0357,,,True,False,False,False,False,False,False,1.1157507938376283,True
swebench,SWE-bench,sympy/sympy,sympy__sympy-12096,comments_docstrings,2,Comments/docstrings,True,True,0,0,0,0,0,0,532998.0,1076892.0,543894.0,input_plus_output_tokens_excludes_cached_input,,,1.0,-2.0,0.1332999999999999,,,True,False,False,False,False,False,False,1.020442853444103,True
swebench,SWE-bench,sympy/sympy,sympy__sympy-12096,remove_tests,3,Remove tests,True,True,0,0,0,0,0,0,876074.0,1015008.0,138934.0,input_plus_output_tokens_excludes_cached_input,,,1.0,-2.0,-0.0857,,,True,False,False,False,False,False,False,0.15858705999721484,True
swebench,SWE-bench,sympy/sympy,sympy__sympy-12096,type_hints,1,Type hints,True,True,0,0,0,0,0,0,846266.0,537162.0,-309104.0,input_plus_output_tokens_excludes_cached_input,,,0.0,3.0,-0.3,,,True,False,False,False,False,False,False,-0.3652563142085349,False
swebench,SWE-bench,sympy/sympy,sympy__sympy-12419,naming,0,Naming,True,False,0,1,1,0,7,7,2124867.0,2327688.0,202821.0,input_plus_output_tokens_excludes_cached_input,,,4.0,1.0,-0.1666999999999999,,,False,True,False,False,False,True,True,0.09545115058966043,True
swebench,SWE-bench,sympy/sympy,sympy__sympy-12419,comments_docstrings,2,Comments/docstrings,True,True,0,0,0,0,0,0,1116747.0,2123692.0,1006945.0,input_plus_output_tokens_excludes_cached_input,,,1.0,1.0,0.1666999999999999,,,True,False,False,False,False,False,False,0.9016769241376964,True
swebench,SWE-bench,sympy/sympy,sympy__sympy-12419,remove_tests,3,Remove tests,True,True,0,0,0,0,0,0,692285.0,868570.0,176285.0,input_plus_output_tokens_excludes_cached_input,,,1.0,1.0,-0.6667000000000001,,,True,False,False,False,False,False,False,0.2546422354954968,True
swebench,SWE-bench,sympy/sympy,sympy__sympy-12419,type_hints,1,Type hints,True,True,0,0,0,0,0,0,1927531.0,2052480.0,124949.0,input_plus_output_tokens_excludes_cached_input,,,0.0,0.0,0.0,,,True,False,False,False,False,False,False,0.06482334136260325,True
swebench,SWE-bench,django/django,django__django-16502,naming,0,Naming,False,False,1,1,0,0,0,0,645072.0,1429063.0,783991.0,input_plus_output_tokens_excludes_cached_input,,,6.0,0.0,0.0,,,False,False,False,True,True,False,False,1.215354255028896,True
swebench,SWE-bench,django/django,django__django-16502,comments_docstrings,2,Comments/docstrings,False,False,1,1,0,0,0,0,1470391.0,879418.0,-590973.0,input_plus_output_tokens_excludes_cached_input,,,2.0,2.0,-0.1667,,,False,False,False,True,True,False,False,-0.4019155449128837,False
swebench,SWE-bench,django/django,django__django-16502,remove_tests,3,Remove tests,False,False,1,1,0,0,0,0,573145.0,1002061.0,428916.0,input_plus_output_tokens_excludes_cached_input,,,7.0,-1.0,-0.1332999999999999,,,False,False,False,True,True,False,False,0.7483551282834187,True
swebench,SWE-bench,django/django,django__django-16502,type_hints,1,Type hints,False,False,1,1,0,0,0,0,816893.0,745982.0,-70911.0,input_plus_output_tokens_excludes_cached_input,,,4.0,1.0,-0.0999999999999999,,,False,False,False,True,True,False,False,-0.08680573832803072,False
swebench,SWE-bench,django/django,django__django-16527,naming,0,Naming,True,True,0,0,0,0,0,0,361563.0,600362.0,238799.0,input_plus_output_tokens_excludes_cached_input,,,4.0,0.0,0.0,,,True,False,False,False,False,False,False,0.6604630451677854,True
swebench,SWE-bench,django/django,django__django-16527,comments_docstrings,2,Comments/docstrings,True,True,0,0,0,0,0,0,269209.0,586488.0,317279.0,input_plus_output_tokens_excludes_cached_input,,,5.0,1.0,-0.2333,,,True,False,False,False,False,False,False,1.1785601521494453,True
swebench,SWE-bench,django/django,django__django-16527,remove_tests,3,Remove tests,True,True,0,0,0,0,0,0,513990.0,904423.0,390433.0,input_plus_output_tokens_excludes_cached_input,,,5.0,0.0,0.0,,,True,False,False,False,False,False,False,0.7596120547092355,True
swebench,SWE-bench,django/django,django__django-16527,type_hints,1,Type hints,True,True,0,0,0,0,0,0,678372.0,408663.0,-269709.0,input_plus_output_tokens_excludes_cached_input,,,4.0,-2.0,0.1667,,,True,False,False,False,False,False,False,-0.39758274221223755,False
swebench,SWE-bench,django/django,django__django-16631,naming,0,Naming,True,True,0,0,0,0,0,0,659834.0,457352.0,-202482.0,input_plus_output_tokens_excludes_cached_input,,,4.0,1.0,-0.0714,,,True,False,False,False,False,False,False,-0.30686809106532853,False
swebench,SWE-bench,django/django,django__django-16631,comments_docstrings,2,Comments/docstrings,True,True,0,0,0,0,0,0,1447127.0,1650345.0,203218.0,input_plus_output_tokens_excludes_cached_input,,,3.0,3.0,-0.1023,,,True,False,False,False,False,False,False,0.14042858712469602,True
swebench,SWE-bench,django/django,django__django-16631,remove_tests,3,Remove tests,True,True,0,0,0,0,0,0,1343031.0,667058.0,-675973.0,input_plus_output_tokens_excludes_cached_input,,,5.0,-3.0,0.025,,,True,False,False,False,False,False,False,-0.5033189851909599,False
swebench,SWE-bench,django/django,django__django-16631,type_hints,1,Type hints,True,True,0,0,0,0,0,0,1319070.0,1590631.0,271561.0,input_plus_output_tokens_excludes_cached_input,,,4.0,1.0,-0.0535999999999999,,,True,False,False,False,False,False,False,0.2058730772438157,True
swebench,SWE-bench,psf/requests,psf__requests-1142,naming,0,Naming,True,False,0,1,1,0,0,0,384231.0,549662.0,165431.0,input_plus_output_tokens_excludes_cached_input,,,0.0,2.0,-0.25,,,False,True,False,False,False,False,True,0.4305508925620265,True
swebench,SWE-bench,psf/requests,psf__requests-1142,comments_docstrings,2,Comments/docstrings,False,False,1,1,0,0,0,0,443793.0,840743.0,396950.0,input_plus_output_tokens_excludes_cached_input,,,0.0,0.0,0.0,,,False,False,False,True,True,False,False,0.8944485379444922,True
swebench,SWE-bench,psf/requests,psf__requests-1142,remove_tests,3,Remove tests,True,True,0,0,0,0,0,0,466700.0,456428.0,-10272.0,input_plus_output_tokens_excludes_cached_input,,,0.0,1.0,-0.0499999999999999,,,True,False,False,False,False,False,False,-0.0220098564388258,False
swebench,SWE-bench,psf/requests,psf__requests-1142,type_hints,1,Type hints,False,False,1,1,0,0,0,0,286357.0,276143.0,-10214.0,input_plus_output_tokens_excludes_cached_input,,,0.0,0.0,0.0,,,False,False,False,True,True,False,False,-0.03566876311736748,False
swebench,SWE-bench,psf/requests,psf__requests-1724,naming,0,Naming,True,False,0,0,0,0,1,1,391253.0,561634.0,170381.0,input_plus_output_tokens_excludes_cached_input,,,1.0,0.0,0.0,,,False,True,False,False,False,True,False,0.4354752551418136,True
swebench,SWE-bench,psf/requests,psf__requests-1724,comments_docstrings,2,Comments/docstrings,True,True,0,0,0,0,0,0,321943.0,619949.0,298006.0,input_plus_output_tokens_excludes_cached_input,,,1.0,0.0,0.0,,,True,False,False,False,False,False,False,0.9256483290520372,True
swebench,SWE-bench,psf/requests,psf__requests-1724,remove_tests,3,Remove tests,True,True,0,0,0,0,0,0,452095.0,242027.0,-210068.0,input_plus_output_tokens_excludes_cached_input,,,0.0,1.0,-0.0499999999999999,,,True,False,False,False,False,False,False,-0.46465455269357103,False
swebench,SWE-bench,psf/requests,psf__requests-1724,type_hints,1,Type hints,True,True,0,0,0,0,0,0,382645.0,401869.0,19224.0,input_plus_output_tokens_excludes_cached_input,,,0.0,1.0,-0.0499999999999999,,,True,False,False,False,False,False,False,0.05023977838466464,True
swebench,SWE-bench,psf/requests,psf__requests-1921,naming,0,Naming,True,False,0,1,1,0,4,4,397218.0,484799.0,87581.0,input_plus_output_tokens_excludes_cached_input,,,0.0,0.0,0.0,,,False,True,False,False,False,True,True,0.22048597999083627,True
swebench,SWE-bench,psf/requests,psf__requests-1921,comments_docstrings,2,Comments/docstrings,True,True,0,0,0,0,0,0,537503.0,442013.0,-95490.0,input_plus_output_tokens_excludes_cached_input,,,0.0,1.0,-0.5,,,True,False,False,False,False,False,False,-0.17765482239168898,False
swebench,SWE-bench,psf/requests,psf__requests-1921,remove_tests,3,Remove tests,True,True,0,0,0,0,0,0,714487.0,248814.0,-465673.0,input_plus_output_tokens_excludes_cached_input,,,0.0,0.0,0.0,,,True,False,False,False,False,False,False,-0.6517585344449934,False
swebench,SWE-bench,psf/requests,psf__requests-1921,type_hints,1,Type hints,False,True,1,0,-1,0,0,0,410095.0,377309.0,-32786.0,input_plus_output_tokens_excludes_cached_input,,,0.0,-1.0,0.5,,,False,False,True,False,True,False,False,-0.07994732927736256,False
swebench,SWE-bench,matplotlib/matplotlib,matplotlib__matplotlib-20676,naming,0,Naming,False,False,2,2,0,0,32,32,745818.0,1172686.0,426868.0,input_plus_output_tokens_excludes_cached_input,,,20.0,0.0,0.0,,,False,False,False,True,True,True,False,0.5723487499631277,True
swebench,SWE-bench,matplotlib/matplotlib,matplotlib__matplotlib-20676,comments_docstrings,2,Comments/docstrings,False,False,2,2,0,0,0,0,681943.0,1793861.0,1111918.0,input_plus_output_tokens_excludes_cached_input,,,8.0,-1.0,0.3333,,,False,False,False,True,True,False,False,1.63051457379869,True
swebench,SWE-bench,matplotlib/matplotlib,matplotlib__matplotlib-20676,remove_tests,3,Remove tests,False,False,2,2,0,0,0,0,891100.0,577719.0,-313381.0,input_plus_output_tokens_excludes_cached_input,,,8.0,-3.0,0.0999999999999999,,,False,False,False,True,True,False,False,-0.35167882392548533,False
swebench,SWE-bench,matplotlib/matplotlib,matplotlib__matplotlib-20676,type_hints,1,Type hints,False,False,2,2,0,0,0,0,778935.0,632267.0,-146668.0,input_plus_output_tokens_excludes_cached_input,,,8.0,0.0,0.0,,,False,False,False,True,True,False,False,-0.18829298978733783,False
swebench,SWE-bench,matplotlib/matplotlib,matplotlib__matplotlib-23412,naming,0,Naming,True,False,0,1,1,0,21,21,858611.0,2160998.0,1302387.0,input_plus_output_tokens_excludes_cached_input,,,34.0,-2.0,0.0635,,,False,True,False,False,False,True,True,1.51685338296388,True
swebench,SWE-bench,matplotlib/matplotlib,matplotlib__matplotlib-23412,type_hints,1,Type hints,True,True,0,0,0,0,0,0,793645.0,786997.0,-6648.0,input_plus_output_tokens_excludes_cached_input,,,8.0,-1.0,0.0475999999999999,,,True,False,False,False,False,False,False,-0.008376541148750387,False
swebench,SWE-bench,matplotlib/matplotlib,matplotlib__matplotlib-23412,comments_docstrings,2,Comments/docstrings,True,True,0,0,0,0,0,0,926710.0,945449.0,18739.0,input_plus_output_tokens_excludes_cached_input,,,8.0,1.0,-0.0357,,,True,False,False,False,False,False,False,0.02022099685985907,True
swebench,SWE-bench,matplotlib/matplotlib,matplotlib__matplotlib-23412,remove_tests,3,Remove tests,True,True,0,0,0,0,0,0,964624.0,1159409.0,194785.0,input_plus_output_tokens_excludes_cached_input,,,8.0,5.0,-0.5417,,,True,False,False,False,False,False,False,0.20192841977806897,True
swebench,SWE-bench,matplotlib/matplotlib,matplotlib__matplotlib-26291,naming,0,Naming,True,True,0,0,0,0,0,0,541663.0,831425.0,289762.0,input_plus_output_tokens_excludes_cached_input,,,8.0,0.0,0.0,,,True,False,False,False,False,False,False,0.5349488519614595,True
swebench,SWE-bench,matplotlib/matplotlib,matplotlib__matplotlib-26291,type_hints,1,Type hints,True,True,0,0,0,0,0,0,402978.0,387208.0,-15770.0,input_plus_output_tokens_excludes_cached_input,,,8.0,-1.0,0.3333,,,True,False,False,False,False,False,False,-0.039133649975929205,False
swebench,SWE-bench,matplotlib/matplotlib,matplotlib__matplotlib-26291,comments_docstrings,2,Comments/docstrings,True,True,0,0,0,0,0,0,474112.0,474110.0,-2.0,input_plus_output_tokens_excludes_cached_input,,,8.0,0.0,0.0,,,True,False,False,False,False,False,False,-4.2184125269978404e-06,False
swebench,SWE-bench,matplotlib/matplotlib,matplotlib__matplotlib-26291,remove_tests,3,Remove tests,True,True,0,0,0,0,0,0,297176.0,655803.0,358627.0,input_plus_output_tokens_excludes_cached_input,,,8.0,-1.0,0.0,,,True,False,False,False,False,False,False,1.2067831857215925,True
swebench,SWE-bench,pylint-dev/pylint,pylint-dev__pylint-4970,naming,0,Naming,False,False,1,1,0,0,0,0,596106.0,1213297.0,617191.0,input_plus_output_tokens_excludes_cached_input,,,0.0,2.0,-0.1667,,,False,False,False,True,True,False,False,1.0353712259229064,True
swebench,SWE-bench,pylint-dev/pylint,pylint-dev__pylint-4970,type_hints,1,Type hints,False,False,1,1,0,0,0,0,1076787.0,727993.0,-348794.0,input_plus_output_tokens_excludes_cached_input,,,0.0,0.0,0.0,,,False,False,False,True,True,False,False,-0.3239210725983876,False
swebench,SWE-bench,pylint-dev/pylint,pylint-dev__pylint-4970,comments_docstrings,2,Comments/docstrings,False,False,1,1,0,0,0,0,726542.0,1168688.0,442146.0,input_plus_output_tokens_excludes_cached_input,,,-1.0,2.0,-0.1143,,,False,False,False,True,True,False,False,0.608562202873337,True
swebench,SWE-bench,pylint-dev/pylint,pylint-dev__pylint-4970,remove_tests,3,Remove tests,False,False,1,1,0,0,0,0,826843.0,369739.0,-457104.0,input_plus_output_tokens_excludes_cached_input,,,1.0,-1.0,-0.1666999999999999,,,False,False,False,True,True,False,False,-0.5528304647919859,False
swebench,SWE-bench,pylint-dev/pylint,pylint-dev__pylint-6903,naming,0,Naming,True,True,0,0,0,0,0,0,300170.0,457137.0,156967.0,input_plus_output_tokens_excludes_cached_input,,,3.0,1.0,-0.1666999999999999,,,True,False,False,False,False,False,False,0.5229270080287837,True
swebench,SWE-bench,pylint-dev/pylint,pylint-dev__pylint-6903,type_hints,1,Type hints,True,True,0,0,0,0,0,0,532456.0,498061.0,-34395.0,input_plus_output_tokens_excludes_cached_input,,,3.0,0.0,0.25,,,True,False,False,False,False,False,False,-0.06459688687891582,False
swebench,SWE-bench,pylint-dev/pylint,pylint-dev__pylint-6903,comments_docstrings,2,Comments/docstrings,True,True,0,0,0,0,0,0,426574.0,638537.0,211963.0,input_plus_output_tokens_excludes_cached_input,,,3.0,-1.0,0.0999999999999999,,,True,False,False,False,False,False,False,0.49689620089363157,True
swebench,SWE-bench,pylint-dev/pylint,pylint-dev__pylint-6903,remove_tests,3,Remove tests,True,True,0,0,0,0,0,0,668400.0,489210.0,-179190.0,input_plus_output_tokens_excludes_cached_input,,,2.0,2.0,-0.4666999999999999,,,True,False,False,False,False,False,False,-0.2680879712746858,False
swebench,SWE-bench,pylint-dev/pylint,pylint-dev__pylint-4604,naming,0,Naming,False,False,21,21,0,0,0,0,599032.0,915659.0,316627.0,input_plus_output_tokens_excludes_cached_input,,,1.0,1.0,-0.0499999999999999,,,False,False,False,True,True,False,False,0.5285644172598459,True
swebench,SWE-bench,pylint-dev/pylint,pylint-dev__pylint-4604,type_hints,1,Type hints,False,False,21,21,0,0,0,0,910022.0,366378.0,-543644.0,input_plus_output_tokens_excludes_cached_input,,,0.0,-2.0,-0.0667,,,False,False,False,True,True,False,False,-0.5973965464571186,False
swebench,SWE-bench,pylint-dev/pylint,pylint-dev__pylint-4604,comments_docstrings,2,Comments/docstrings,False,False,21,21,0,0,0,0,512551.0,546094.0,33543.0,input_plus_output_tokens_excludes_cached_input,,,2.0,1.0,-0.1667,,,False,False,False,True,True,False,False,0.06544324369672481,True
swebench,SWE-bench,pylint-dev/pylint,pylint-dev__pylint-4604,remove_tests,3,Remove tests,False,False,21,21,0,0,0,0,396669.0,441524.0,44855.0,input_plus_output_tokens_excludes_cached_input,,,1.0,-1.0,0.0832999999999999,,,False,False,False,True,True,False,False,0.11307916676120393,True
swebench,SWE-bench,scikit-learn/scikit-learn,scikit-learn__scikit-learn-25232,type_hints,1,Type hints,True,True,0,0,0,0,0,0,960574.0,953945.0,-6629.0,input_plus_output_tokens_excludes_cached_input,,,0.0,1.0,-0.3333,,,True,False,False,False,False,False,False,-0.006901082061350817,False
swebench,SWE-bench,scikit-learn/scikit-learn,scikit-learn__scikit-learn-25232,comments_docstrings,2,Comments/docstrings,True,True,0,0,0,0,0,0,840823.0,882581.0,41758.0,input_plus_output_tokens_excludes_cached_input,,,0.0,0.0,0.0,,,True,False,False,False,False,False,False,0.04966324660481457,True
swebench,SWE-bench,scikit-learn/scikit-learn,scikit-learn__scikit-learn-25232,remove_tests,3,Remove tests,True,True,0,0,0,0,0,0,1148003.0,706913.0,-441090.0,input_plus_output_tokens_excludes_cached_input,,,1.0,2.0,-0.4666999999999999,,,True,False,False,False,False,False,False,-0.3842237346069653,False
swebench,SWE-bench,scikit-learn/scikit-learn,scikit-learn__scikit-learn-25931,naming,0,Naming,True,False,0,0,0,0,1,1,393707.0,637890.0,244183.0,input_plus_output_tokens_excludes_cached_input,,,0.0,1.0,-0.3333,,,False,True,False,False,False,True,False,0.6202150330067792,True
swebench,SWE-bench,scikit-learn/scikit-learn,scikit-learn__scikit-learn-25931,type_hints,1,Type hints,True,True,0,0,0,0,0,0,458204.0,422317.0,-35887.0,input_plus_output_tokens_excludes_cached_input,,,0.0,2.0,-0.5,,,True,False,False,False,False,False,False,-0.07832100985587205,False
swebench,SWE-bench,scikit-learn/scikit-learn,scikit-learn__scikit-learn-25931,comments_docstrings,2,Comments/docstrings,True,True,0,0,0,0,0,0,444694.0,703306.0,258612.0,input_plus_output_tokens_excludes_cached_input,,,0.0,0.0,0.0,,,True,False,False,False,False,False,False,0.5815504594170373,True
swebench,SWE-bench,scikit-learn/scikit-learn,scikit-learn__scikit-learn-25931,remove_tests,3,Remove tests,True,True,0,0,0,0,0,0,455760.0,567872.0,112112.0,input_plus_output_tokens_excludes_cached_input,,,0.0,-1.0,0.0,,,True,False,False,False,False,False,False,0.24598911707916446,True
swebench,SWE-bench,scikit-learn/scikit-learn,scikit-learn__scikit-learn-25973,naming,0,Naming,True,True,0,0,0,0,0,0,347768.0,549894.0,202126.0,input_plus_output_tokens_excludes_cached_input,,,0.0,-1.0,0.0667,,,True,False,False,False,False,False,False,0.5812093119550965,True
swebench,SWE-bench,scikit-learn/scikit-learn,scikit-learn__scikit-learn-25973,type_hints,1,Type hints,True,True,0,0,0,0,0,0,477202.0,451756.0,-25446.0,input_plus_output_tokens_excludes_cached_input,,,0.0,1.0,-0.0475999999999999,,,True,False,False,False,False,False,False,-0.05332333058117946,False
swebench,SWE-bench,scikit-learn/scikit-learn,scikit-learn__scikit-learn-25973,comments_docstrings,2,Comments/docstrings,True,True,0,0,0,0,0,0,467618.0,521606.0,53988.0,input_plus_output_tokens_excludes_cached_input,,,0.0,-3.0,0.2143,,,True,False,False,False,False,False,False,0.1154532118096395,True
swebench,SWE-bench,scikit-learn/scikit-learn,scikit-learn__scikit-learn-25973,remove_tests,3,Remove tests,True,True,0,0,0,0,0,0,608913.0,980142.0,371229.0,input_plus_output_tokens_excludes_cached_input,,,0.0,3.0,-0.2143,,,True,False,False,False,False,False,False,0.6096585226460923,True
swebench,SWE-bench,astropy/astropy,astropy__astropy-14365,naming,0,Naming,False,False,1,1,0,0,0,0,424904.0,182839.0,-242065.0,input_plus_output_tokens_excludes_cached_input,,,0.0,0.0,0.0,,,False,False,False,True,True,False,False,-0.5696933895656431,False
swebench,SWE-bench,astropy/astropy,astropy__astropy-14365,type_hints,1,Type hints,False,False,1,1,0,0,0,0,247115.0,470352.0,223237.0,input_plus_output_tokens_excludes_cached_input,,,0.0,0.0,0.0,,,False,False,False,True,True,False,False,0.9033729235376242,True
swebench,SWE-bench,astropy/astropy,astropy__astropy-14365,comments_docstrings,2,Comments/docstrings,False,False,1,1,0,0,8,8,310234.0,436992.0,126758.0,input_plus_output_tokens_excludes_cached_input,,,0.0,0.0,0.0,,,False,False,False,True,True,True,False,0.408588355886202,True
swebench,SWE-bench,astropy/astropy,astropy__astropy-14365,remove_tests,3,Remove tests,False,False,1,1,0,0,0,0,293926.0,381447.0,87521.0,input_plus_output_tokens_excludes_cached_input,,,-1.0,1.0,-0.6667000000000001,,,False,False,False,True,True,False,False,0.29776542395024597,True
swebench,SWE-bench,astropy/astropy,astropy__astropy-14182,naming,0,Naming,True,False,0,1,1,0,0,0,320360.0,631928.0,311568.0,input_plus_output_tokens_excludes_cached_input,,,0.0,1.0,-0.1666999999999999,,,False,True,False,False,False,False,True,0.9725558746410289,True
swebench,SWE-bench,astropy/astropy,astropy__astropy-14182,type_hints,1,Type hints,True,True,0,0,0,0,0,0,458188.0,734334.0,276146.0,input_plus_output_tokens_excludes_cached_input,,,0.0,0.0,0.0,,,True,False,False,False,False,False,False,0.602691471623002,True
swebench,SWE-bench,astropy/astropy,astropy__astropy-14182,comments_docstrings,2,Comments/docstrings,True,True,0,0,0,0,0,0,449081.0,548341.0,99260.0,input_plus_output_tokens_excludes_cached_input,,,0.0,2.0,-0.1667,,,True,False,False,False,False,False,False,0.2210291684573607,True
swebench,SWE-bench,astropy/astropy,astropy__astropy-14182,remove_tests,3,Remove tests,True,True,0,0,0,0,0,0,320309.0,507518.0,187209.0,input_plus_output_tokens_excludes_cached_input,,,0.0,1.0,-0.3,,,True,False,False,False,False,False,False,0.5844637521892923,True
swebench,SWE-bench,astropy/astropy,astropy__astropy-14539,naming,0,Naming,True,True,0,0,0,0,0,0,296989.0,1620500.0,1323511.0,input_plus_output_tokens_excludes_cached_input,,,0.0,1.0,-0.3333,,,True,False,False,False,False,False,False,4.456431046267707,True
swebench,SWE-bench,astropy/astropy,astropy__astropy-14539,type_hints,1,Type hints,True,True,0,0,0,0,0,0,482719.0,378447.0,-104272.0,input_plus_output_tokens_excludes_cached_input,,,0.0,0.0,0.0,,,True,False,False,False,False,False,False,-0.21600972822698092,False
swebench,SWE-bench,astropy/astropy,astropy__astropy-14539,comments_docstrings,2,Comments/docstrings,True,True,0,0,0,0,0,0,306729.0,284222.0,-22507.0,input_plus_output_tokens_excludes_cached_input,,,0.0,0.0,0.0,,,True,False,False,False,False,False,False,-0.0733774765346609,False
swebench,SWE-bench,astropy/astropy,astropy__astropy-14539,remove_tests,3,Remove tests,True,True,0,0,0,0,0,0,345434.0,291973.0,-53461.0,input_plus_output_tokens_excludes_cached_input,,,0.0,0.0,-0.5,,,True,False,False,False,False,False,False,-0.1547647307445127,False
