repo,repo_full,candidate_id,condition,status,completion_reason,fail_to_pass_passed,fail_to_pass_total,fail_to_pass_failed,pass_to_pass_passed,pass_to_pass_total,pass_to_pass_failed,failure_mode,agent_duration_seconds,oracle_duration_seconds,total_duration_seconds,edits_applied,files_opened_before_first_edit,exploration_efficiency,total_tokens_including_cache,uncached_input_plus_output_tokens,codex_input_tokens,codex_cached_input_tokens,codex_output_tokens,result_path,metrics_path,generated_at,agent_stdout_path,agent_stdout_present,jsonl_event_count,jsonl_parse_errors,first_edit_event_index,first_edit_detected_from_stdout,command_count_before_first_edit,command_count_after_first_edit,agent_message_count_before_first_edit,agent_message_count_after_first_edit,edit_event_count_before_first_edit,edit_event_count_after_first_edit,validation_test_command_count,validation_test_command_count_before_first_edit,validation_test_command_count_after_first_edit,failed_validation_test_command_count,failed_command_count,edit_test_edit_loop_proxy_count,failed_validation_followed_by_edit_count,command_failure_rate,validation_failure_rate
cattrs,python-attrs/cattrs,cattrs_pr_108,clean,SUCCESS,oracle_pass,1,1,0,20,20,0,success,168.95894074440002,32.21951937675476,201.1784601211548,2,4,0.75,479697,27985,472762,451712,6935,comparison_slices/cattrs_pr_108_codex_clean_retry2/runs/cattrs/cattrs_pr_108/codex_cli/clean/rep_1/result.json,comparison_slices/cattrs_pr_108_codex_clean_retry2/runs/cattrs/cattrs_pr_108/codex_cli/clean/rep_1/metrics.json,2026-04-23T18:22:45.549813+00:00,comparison_slices/cattrs_pr_108_codex_clean_retry2/runs/cattrs/cattrs_pr_108/codex_cli/clean/rep_1/logs/agent_stdout.log,True,48,0,30,True,13,5,0,1,0,2,4,2,2,0,1,0,0,0.05555555555555555,0.0
cattrs,python-attrs/cattrs,cattrs_pr_108,naming,SUCCESS,oracle_pass,1,1,0,20,20,0,success,246.26817083358765,125.92263412475586,372.1908049583435,1,5,0.6,452054,125398,444392,326656,7662,comparison_slices/cattrs_pr_108_codex_clean_vs_naming/runs/cattrs/cattrs_pr_108/codex_cli/naming/rep_1/result.json,comparison_slices/cattrs_pr_108_codex_clean_vs_naming/runs/cattrs/cattrs_pr_108/codex_cli/naming/rep_1/metrics.json,2026-04-23T19:36:25.712280+00:00,comparison_slices/cattrs_pr_108_codex_clean_vs_naming/runs/cattrs/cattrs_pr_108/codex_cli/naming/rep_1/logs/agent_stdout.log,True,70,0,26,True,10,14,4,5,0,3,8,1,7,4,4,2,2,0.16666666666666666,0.5
cattrs,python-attrs/cattrs,cattrs_pr_108,type_hints,SUCCESS,oracle_pass,1,1,0,20,20,0,success,167.33117723464966,29.002656936645508,196.3338341712952,1,5,0.6,270084,60932,262772,209152,7312,comparison_slices/rq1_initial_matrix_missing/runs/cattrs/cattrs_pr_108/codex_cli/type_hints/rep_1/result.json,comparison_slices/rq1_initial_matrix_missing/runs/cattrs/cattrs_pr_108/codex_cli/type_hints/rep_1/metrics.json,2026-04-23T22:15:25.394996+00:00,comparison_slices/rq1_initial_matrix_missing/runs/cattrs/cattrs_pr_108/codex_cli/type_hints/rep_1/logs/agent_stdout.log,True,64,0,39,True,15,9,5,4,0,1,8,3,5,2,2,0,1,0.08333333333333333,0.25
cattrs,python-attrs/cattrs,cattrs_pr_108,comments_docstrings,FAIL,oracle_fail,0,1,1,20,20,0,focal_miss,231.21236371994016,52.2560625076294,283.4684262275696,2,5,0.6,684082,104370,675564,579712,8518,comparison_slices/rq1_initial_matrix_missing/runs/cattrs/cattrs_pr_108/codex_cli/comments_docstrings/rep_1/result.json,comparison_slices/rq1_initial_matrix_missing/runs/cattrs/cattrs_pr_108/codex_cli/comments_docstrings/rep_1/metrics.json,2026-04-23T22:20:08.897425+00:00,comparison_slices/rq1_initial_matrix_missing/runs/cattrs/cattrs_pr_108/codex_cli/comments_docstrings/rep_1/logs/agent_stdout.log,True,74,0,38,True,16,12,4,5,0,3,8,1,7,2,2,0,0,0.07142857142857142,0.25
cattrs,python-attrs/cattrs,cattrs_pr_108,remove_tests,SUCCESS,oracle_pass,1,1,0,20,20,0,success,236.7633409500122,71.60121083259583,308.36455178260803,1,4,0.25,690290,60658,681162,629632,9128,comparison_slices/rq1_initial_matrix_missing/runs/cattrs/cattrs_pr_108/codex_cli/remove_tests/rep_1/result.json,comparison_slices/rq1_initial_matrix_missing/runs/cattrs/cattrs_pr_108/codex_cli/remove_tests/rep_1/metrics.json,2026-04-23T22:25:17.318924+00:00,comparison_slices/rq1_initial_matrix_missing/runs/cattrs/cattrs_pr_108/codex_cli/remove_tests/rep_1/logs/agent_stdout.log,True,72,0,30,True,12,16,4,5,0,2,7,0,7,4,6,0,0,0.21428571428571427,0.5714285714285714
cattrs,python-attrs/cattrs,cattrs_pr_117,clean,SUCCESS,oracle_pass,1,1,0,0,0,0,success,364.7075343132019,36.542643547058105,401.25017786026,4,11,0.3636,895611,89723,887286,805888,8325,comparison_slices/cattrs_pr_117_codex_clean_vs_naming/runs/cattrs/cattrs_pr_117/codex_cli/clean/rep_1/result.json,comparison_slices/cattrs_pr_117_codex_clean_vs_naming/runs/cattrs/cattrs_pr_117/codex_cli/clean/rep_1/metrics.json,2026-04-23T19:53:41.554258+00:00,comparison_slices/cattrs_pr_117_codex_clean_vs_naming/runs/cattrs/cattrs_pr_117/codex_cli/clean/rep_1/logs/agent_stdout.log,True,85,0,30,True,12,17,4,8,0,6,5,0,5,2,3,3,2,0.10344827586206896,0.4
cattrs,python-attrs/cattrs,cattrs_pr_117,naming,SUCCESS,oracle_pass,1,1,0,0,0,0,success,975.1059944629668,41.96301484107971,1017.0690093040466,4,7,0.5714,2833397,147573,2817994,2685824,15403,comparison_slices/cattrs_pr_117_codex_clean_vs_naming/runs/cattrs/cattrs_pr_117/codex_cli/naming/rep_1/result.json,comparison_slices/cattrs_pr_117_codex_clean_vs_naming/runs/cattrs/cattrs_pr_117/codex_cli/naming/rep_1/metrics.json,2026-04-23T20:10:59.850776+00:00,comparison_slices/cattrs_pr_117_codex_clean_vs_naming/runs/cattrs/cattrs_pr_117/codex_cli/naming/rep_1/logs/agent_stdout.log,True,129,0,28,True,11,38,4,10,0,7,20,1,19,8,8,16,7,0.16326530612244897,0.4
cattrs,python-attrs/cattrs,cattrs_pr_117,type_hints,SUCCESS,oracle_pass,1,1,0,0,0,0,success,446.1314828395844,8.709776639938354,454.8412594795227,4,7,0.5714,1228201,129321,1219450,1098880,8751,comparison_slices/rq1_initial_matrix_reruns/runs/cattrs/cattrs_pr_117/codex_cli/type_hints/rep_1/result.json,comparison_slices/rq1_initial_matrix_reruns/runs/cattrs/cattrs_pr_117/codex_cli/type_hints/rep_1/metrics.json,2026-04-23T22:46:49.969581+00:00,comparison_slices/rq1_initial_matrix_reruns/runs/cattrs/cattrs_pr_117/codex_cli/type_hints/rep_1/logs/agent_stdout.log,True,83,0,26,True,10,19,4,6,0,6,11,1,10,5,5,5,3,0.1724137931034483,0.45454545454545453
cattrs,python-attrs/cattrs,cattrs_pr_117,comments_docstrings,SUCCESS,oracle_pass,1,1,0,0,0,0,success,234.7273416519165,8.322851419448853,243.05019307136536,4,8,0.5,471293,61949,464816,409344,6477,comparison_slices/rq1_initial_matrix_missing/runs/cattrs/cattrs_pr_117/codex_cli/comments_docstrings/rep_1/result.json,comparison_slices/rq1_initial_matrix_missing/runs/cattrs/cattrs_pr_117/codex_cli/comments_docstrings/rep_1/metrics.json,2026-04-23T22:31:08.113703+00:00,comparison_slices/rq1_initial_matrix_missing/runs/cattrs/cattrs_pr_117/codex_cli/comments_docstrings/rep_1/logs/agent_stdout.log,True,73,0,25,True,10,14,3,7,0,6,10,0,10,2,3,7,2,0.125,0.2
cattrs,python-attrs/cattrs,cattrs_pr_117,remove_tests,SUCCESS,oracle_pass,1,1,0,0,0,0,success,275.667795419693,8.475075006484985,284.142870426178,4,5,0.8,740329,61801,731030,678528,9299,comparison_slices/rq1_initial_matrix_missing/runs/cattrs/cattrs_pr_117/codex_cli/remove_tests/rep_1/result.json,comparison_slices/rq1_initial_matrix_missing/runs/cattrs/cattrs_pr_117/codex_cli/remove_tests/rep_1/metrics.json,2026-04-23T22:35:52.272647+00:00,comparison_slices/rq1_initial_matrix_missing/runs/cattrs/cattrs_pr_117/codex_cli/remove_tests/rep_1/logs/agent_stdout.log,True,93,0,30,True,12,19,4,8,0,8,12,1,11,4,4,8,4,0.12903225806451613,0.3333333333333333
cattrs,python-attrs/cattrs,cattrs_pr_142,clean,FAIL,oracle_fail,4,4,0,11,12,1,regression_failure,468.4700543880463,24.705698251724243,493.1757526397705,3,6,0.5,2097843,205363,2086780,1892480,11063,comparison_slices/rq1_initial_matrix_missing/runs/cattrs/cattrs_pr_142/codex_cli/clean/rep_1/result.json,comparison_slices/rq1_initial_matrix_missing/runs/cattrs/cattrs_pr_142/codex_cli/clean/rep_1/metrics.json,2026-04-23T22:28:21.574521+00:00,comparison_slices/rq1_initial_matrix_missing/runs/cattrs/cattrs_pr_142/codex_cli/clean/rep_1/logs/agent_stdout.log,True,100,0,51,True,14,16,3,6,0,5,12,1,11,6,7,5,3,0.23333333333333334,0.5
cattrs,python-attrs/cattrs,cattrs_pr_142,naming,SUCCESS,oracle_pass,4,4,0,12,12,0,success,296.32966351509094,23.26811790466309,319.597781419754,5,7,0.7143,1533055,172415,1521925,1360640,11130,comparison_slices/rq1_initial_matrix_missing/runs/cattrs/cattrs_pr_142/codex_cli/naming/rep_1/result.json,comparison_slices/rq1_initial_matrix_missing/runs/cattrs/cattrs_pr_142/codex_cli/naming/rep_1/metrics.json,2026-04-23T22:42:32.529677+00:00,comparison_slices/rq1_initial_matrix_missing/runs/cattrs/cattrs_pr_142/codex_cli/naming/rep_1/logs/agent_stdout.log,True,109,0,46,True,15,18,4,8,0,9,7,0,7,4,5,5,4,0.15151515151515152,0.5714285714285714
cattrs,python-attrs/cattrs,cattrs_pr_142,type_hints,FAIL,oracle_fail,4,4,0,11,12,1,regression_failure,414.129745721817,117.17099046707152,531.3007361888885,5,5,0.8,2417754,180058,2405756,2237696,11998,comparison_slices/rq1_initial_matrix_missing/runs/cattrs/cattrs_pr_142/codex_cli/type_hints/rep_1/result.json,comparison_slices/rq1_initial_matrix_missing/runs/cattrs/cattrs_pr_142/codex_cli/type_hints/rep_1/metrics.json,2026-04-23T22:37:12.901413+00:00,comparison_slices/rq1_initial_matrix_missing/runs/cattrs/cattrs_pr_142/codex_cli/type_hints/rep_1/logs/agent_stdout.log,True,112,0,36,True,11,25,4,7,0,9,7,2,5,4,6,3,4,0.16666666666666666,0.5714285714285714
cattrs,python-attrs/cattrs,cattrs_pr_142,comments_docstrings,FAIL,oracle_fail,3,4,1,12,12,0,focal_miss,489.1710352897644,23.51122736930847,512.6822626590729,3,8,0.375,1687226,196922,1674569,1490304,12657,comparison_slices/rq1_initial_matrix_missing/runs/cattrs/cattrs_pr_142/codex_cli/comments_docstrings/rep_1/result.json,comparison_slices/rq1_initial_matrix_missing/runs/cattrs/cattrs_pr_142/codex_cli/comments_docstrings/rep_1/metrics.json,2026-04-23T22:51:05.240096+00:00,comparison_slices/rq1_initial_matrix_missing/runs/cattrs/cattrs_pr_142/codex_cli/comments_docstrings/rep_1/logs/agent_stdout.log,True,98,0,44,True,13,19,4,6,0,4,7,0,7,3,4,4,3,0.125,0.42857142857142855
cattrs,python-attrs/cattrs,cattrs_pr_142,remove_tests,SUCCESS,oracle_pass,4,4,0,12,12,0,success,296.5672605037689,15.861512184143066,312.428772687912,2,4,0.5,1398654,132990,1388952,1265664,9702,comparison_slices/rq1_initial_matrix_missing/runs/cattrs/cattrs_pr_142/codex_cli/remove_tests/rep_1/result.json,comparison_slices/rq1_initial_matrix_missing/runs/cattrs/cattrs_pr_142/codex_cli/remove_tests/rep_1/metrics.json,2026-04-23T22:56:17.694655+00:00,comparison_slices/rq1_initial_matrix_missing/runs/cattrs/cattrs_pr_142/codex_cli/remove_tests/rep_1/logs/agent_stdout.log,True,96,0,62,True,28,12,4,5,0,2,4,0,4,2,4,0,0,0.1,0.5
click,pallets/click,click_pr_2816,clean,FAIL,oracle_fail,0,1,1,50,50,0,fail_to_pass_failed,236.65202236175537,4.862809896469116,241.5148322582245,4,2,1.0,1139836,86268,1130086,1053568,9750,runs/click/click_pr_2816/codex_cli/clean/rep_1/result.json,runs/click/click_pr_2816/codex_cli/clean/rep_1/metrics.json,2026-04-27T19:58:58.541184+00:00,runs/click/click_pr_2816/codex_cli/clean/rep_1/logs/agent_stdout.log,True,95,0,38,True,16,19,4,4,0,7,10,1,9,3,7,8,3,0.2,0.3
click,pallets/click,click_pr_2816,naming,FAIL,oracle_fail,0,1,1,4,50,46,fail_to_pass_failed+pass_to_pass_failed,238.1255989074707,8.328253507614136,246.45385241508484,4,4,0.5,1171874,95138,1161314,1076736,10560,runs/click/click_pr_2816/codex_cli/naming/rep_1/result.json,runs/click/click_pr_2816/codex_cli/naming/rep_1/metrics.json,2026-04-27T20:06:04.885288+00:00,runs/click/click_pr_2816/codex_cli/naming/rep_1/logs/agent_stdout.log,True,101,0,49,True,18,19,3,5,0,4,7,1,6,3,6,4,3,0.16216216216216217,0.42857142857142855
click,pallets/click,click_pr_2816,type_hints,SUCCESS,oracle_pass,1,1,0,50,50,0,success,174.59453749656677,5.240379571914673,179.83491706848145,4,4,0.5,723718,72070,716400,651648,7318,runs/click/click_pr_2816/codex_cli/type_hints/rep_1/result.json,runs/click/click_pr_2816/codex_cli/type_hints/rep_1/metrics.json,2026-04-27T20:01:58.404605+00:00,runs/click/click_pr_2816/codex_cli/type_hints/rep_1/logs/agent_stdout.log,True,76,0,63,True,26,4,5,2,0,1,4,2,2,1,2,0,1,0.06666666666666667,0.25
click,pallets/click,click_pr_2816,comments_docstrings,SUCCESS,oracle_pass,1,1,0,50,50,0,success,149.61472749710083,4.9046666622161865,154.51939415931702,4,3,1.0,604633,51673,598347,552960,6286,runs/click/click_pr_2816/codex_cli/comments_docstrings/rep_1/result.json,runs/click/click_pr_2816/codex_cli/comments_docstrings/rep_1/metrics.json,2026-04-27T20:08:39.431372+00:00,runs/click/click_pr_2816/codex_cli/comments_docstrings/rep_1/logs/agent_stdout.log,True,61,0,36,True,14,6,6,2,0,5,4,2,2,1,3,0,1,0.15,0.25
click,pallets/click,click_pr_2816,remove_tests,SUCCESS,oracle_pass,1,1,0,50,50,0,success,203.29900908470157,4.794205665588379,208.09321475028992,4,5,0.4,880378,66554,872615,813824,7763,runs/click/click_pr_2816/codex_cli/remove_tests/rep_1/result.json,runs/click/click_pr_2816/codex_cli/remove_tests/rep_1/metrics.json,2026-04-27T20:12:07.551107+00:00,runs/click/click_pr_2816/codex_cli/remove_tests/rep_1/logs/agent_stdout.log,True,100,0,42,True,18,22,4,5,0,4,6,0,6,2,3,5,2,0.075,0.3333333333333333
click,pallets/click,click_pr_2846,clean,SUCCESS,oracle_pass,3,3,0,47,47,0,success,109.59225058555604,5.500307559967041,115.09255814552309,3,4,0.5,399842,47202,395643,352640,4199,runs/click/click_pr_2846/codex_cli/clean/rep_1/result.json,runs/click/click_pr_2846/codex_cli/clean/rep_1/metrics.json,2026-04-27T19:45:35.590232+00:00,runs/click/click_pr_2846/codex_cli/clean/rep_1/logs/agent_stdout.log,True,49,0,23,True,9,7,3,5,0,3,4,0,4,1,1,0,0,0.0625,0.25
click,pallets/click,click_pr_2846,naming,SUCCESS,oracle_pass,3,3,0,47,47,0,success,202.570258140564,7.567600250244141,210.1378583908081,4,4,0.5,827656,81672,819961,745984,7695,runs/click/click_pr_2846/codex_cli/naming/rep_1/result.json,runs/click/click_pr_2846/codex_cli/naming/rep_1/metrics.json,2026-04-27T19:50:30.955751+00:00,runs/click/click_pr_2846/codex_cli/naming/rep_1/logs/agent_stdout.log,True,67,0,34,True,14,7,4,4,0,7,8,3,5,5,6,4,5,0.2857142857142857,0.625
click,pallets/click,click_pr_2846,type_hints,SUCCESS,oracle_pass,3,3,0,47,47,0,success,80.08612155914307,5.08279275894165,85.16891431808472,3,3,0.6667,307783,58439,304555,249344,3228,runs/click/click_pr_2846/codex_cli/type_hints/rep_1/result.json,runs/click/click_pr_2846/codex_cli/type_hints/rep_1/metrics.json,2026-04-27T19:47:00.790116+00:00,runs/click/click_pr_2846/codex_cli/type_hints/rep_1/logs/agent_stdout.log,True,41,0,19,True,7,6,3,3,0,3,2,0,2,0,0,0,0,0.0,0.0
click,pallets/click,click_pr_2846,comments_docstrings,SUCCESS,oracle_pass,3,3,0,47,47,0,success,85.48624992370605,4.877538204193115,90.36378812789916,3,2,1.0,366286,63822,362733,302464,3553,runs/click/click_pr_2846/codex_cli/comments_docstrings/rep_1/result.json,runs/click/click_pr_2846/codex_cli/comments_docstrings/rep_1/metrics.json,2026-04-27T19:52:01.348245+00:00,runs/click/click_pr_2846/codex_cli/comments_docstrings/rep_1/logs/agent_stdout.log,True,47,0,19,True,7,8,3,3,0,4,3,0,3,0,0,2,0,0.0,0.0
click,pallets/click,click_pr_2846,remove_tests,SUCCESS,oracle_pass,3,3,0,47,47,0,success,170.8130042552948,4.823072671890259,175.63607692718506,3,5,0.4,499733,50709,493690,449024,6043,runs/click/click_pr_2846/codex_cli/remove_tests/rep_1/result.json,runs/click/click_pr_2846/codex_cli/remove_tests/rep_1/metrics.json,2026-04-27T19:54:57.011782+00:00,runs/click/click_pr_2846/codex_cli/remove_tests/rep_1/logs/agent_stdout.log,True,59,0,22,True,8,13,4,4,0,3,4,0,4,1,3,0,0,0.14285714285714285,0.25
click,pallets/click,click_pr_3004,clean,FAIL,oracle_fail,5,5,0,293,295,2,pass_to_pass_failed,174.17262148857117,5.01483678817749,179.18745827674866,3,4,0.75,724187,50651,716846,673536,7341,runs/click/click_pr_3004/codex_cli/clean/rep_1/result.json,runs/click/click_pr_3004/codex_cli/clean/rep_1/metrics.json,2026-04-27T20:15:06.754019+00:00,runs/click/click_pr_3004/codex_cli/clean/rep_1/logs/agent_stdout.log,True,81,0,27,True,11,17,3,7,0,6,6,0,6,2,3,4,2,0.10714285714285714,0.3333333333333333
click,pallets/click,click_pr_3004,naming,FAIL,oracle_fail,5,5,0,293,295,2,pass_to_pass_failed,414.241956949234,19.893906831741333,434.13586378097534,2,4,0.5,3528531,130259,3513465,3398272,15066,runs/click/click_pr_3004/codex_cli/naming/rep_1/result.json,runs/click/click_pr_3004/codex_cli/naming/rep_1/metrics.json,2026-04-27T20:25:50.464871+00:00,runs/click/click_pr_3004/codex_cli/naming/rep_1/logs/agent_stdout.log,True,136,0,31,True,13,39,3,6,0,10,9,0,9,5,8,8,5,0.15384615384615385,0.5555555555555556
click,pallets/click,click_pr_3004,type_hints,FAIL,oracle_fail,5,5,0,293,295,2,pass_to_pass_failed,203.8103528022766,5.706307888031006,209.5166606903076,3,5,0.6,1039674,60986,1031248,978688,8426,runs/click/click_pr_3004/codex_cli/type_hints/rep_1/result.json,runs/click/click_pr_3004/codex_cli/type_hints/rep_1/metrics.json,2026-04-27T20:18:36.299275+00:00,runs/click/click_pr_3004/codex_cli/type_hints/rep_1/logs/agent_stdout.log,True,96,0,33,True,14,24,3,4,0,5,7,0,7,1,3,5,1,0.07894736842105263,0.14285714285714285
click,pallets/click,click_pr_3004,comments_docstrings,SUCCESS,oracle_pass,5,5,0,295,295,0,success,147.89169597625732,5.193171501159668,153.084867477417,2,4,0.5,520509,70717,514358,449792,6151,runs/click/click_pr_3004/codex_cli/comments_docstrings/rep_1/result.json,runs/click/click_pr_3004/codex_cli/comments_docstrings/rep_1/metrics.json,2026-04-27T20:28:23.588592+00:00,runs/click/click_pr_3004/codex_cli/comments_docstrings/rep_1/logs/agent_stdout.log,True,60,0,26,True,10,10,4,5,0,4,5,0,5,2,3,2,2,0.15,0.4
click,pallets/click,click_pr_3004,remove_tests,FAIL,oracle_fail,5,5,0,293,295,2,pass_to_pass_failed,183.83289289474487,5.324728488922119,189.157621383667,2,3,0.6667,769452,67244,760913,702208,8539,runs/click/click_pr_3004/codex_cli/remove_tests/rep_1/result.json,runs/click/click_pr_3004/codex_cli/remove_tests/rep_1/metrics.json,2026-04-27T20:31:32.788931+00:00,runs/click/click_pr_3004/codex_cli/remove_tests/rep_1/logs/agent_stdout.log,True,91,0,37,True,16,21,3,5,0,3,8,0,8,2,5,7,2,0.13513513513513514,0.25
copier,copier-org/copier,copier_pr_2432,clean,SUCCESS,oracle_pass,1,1,0,52,52,0,success,295.57617926597595,32.55080032348633,328.1269795894623,2,4,0.5,741003,84491,732907,656512,8096,runs/copier/copier_pr_2432/codex_cli/clean/rep_1/result.json,runs/copier/copier_pr_2432/codex_cli/clean/rep_1/metrics.json,2026-04-28T06:34:58.135311+00:00,runs/copier/copier_pr_2432/codex_cli/clean/rep_1/logs/agent_stdout.log,True,81,0,39,True,17,15,3,5,0,3,2,0,2,2,3,2,2,0.09375,1.0
copier,copier-org/copier,copier_pr_2432,naming,FAIL,oracle_fail,0,1,1,1,52,51,focal_and_regression_failure,155.14249801635742,35.472432136535645,190.61493015289307,2,4,0.5,824969,106505,818760,718464,6209,runs/copier/copier_pr_2432/codex_cli/naming/rep_1/result.json,runs/copier/copier_pr_2432/codex_cli/naming/rep_1/metrics.json,2026-04-28T06:43:21.255716+00:00,runs/copier/copier_pr_2432/codex_cli/naming/rep_1/logs/agent_stdout.log,True,70,0,34,True,14,12,4,5,0,3,2,0,2,2,2,0,0,0.07692307692307693,1.0
copier,copier-org/copier,copier_pr_2432,type_hints,SUCCESS,oracle_pass,1,1,0,52,52,0,success,278.7453410625458,33.6881799697876,312.4335210323334,2,4,0.5,1090320,121232,1081413,969088,8907,runs/copier/copier_pr_2432/codex_cli/type_hints/rep_1/result.json,runs/copier/copier_pr_2432/codex_cli/type_hints/rep_1/metrics.json,2026-04-28T06:40:10.606540+00:00,runs/copier/copier_pr_2432/codex_cli/type_hints/rep_1/logs/agent_stdout.log,True,78,0,30,True,12,19,4,5,0,2,6,1,5,2,2,0,0,0.06451612903225806,0.3333333333333333
copier,copier-org/copier,copier_pr_2432,comments_docstrings,SUCCESS,oracle_pass,1,1,0,52,52,0,success,285.6260447502136,31.68799090385437,317.314035654068,2,5,0.4,1546650,152730,1534780,1393920,11870,runs/copier/copier_pr_2432/codex_cli/comments_docstrings/rep_1/result.json,runs/copier/copier_pr_2432/codex_cli/comments_docstrings/rep_1/metrics.json,2026-04-28T06:48:38.603533+00:00,runs/copier/copier_pr_2432/codex_cli/comments_docstrings/rep_1/logs/agent_stdout.log,True,115,0,44,True,19,26,4,4,0,7,5,0,5,3,6,5,3,0.13333333333333333,0.6
copier,copier-org/copier,copier_pr_2432,remove_tests,SUCCESS,oracle_pass,1,1,0,52,52,0,success,166.422865152359,27.25892186164856,193.6817870140076,1,4,0.25,458735,71151,451745,387584,6990,runs/copier/copier_pr_2432/codex_cli/remove_tests/rep_1/result.json,runs/copier/copier_pr_2432/codex_cli/remove_tests/rep_1/metrics.json,2026-04-28T06:51:52.331043+00:00,runs/copier/copier_pr_2432/codex_cli/remove_tests/rep_1/logs/agent_stdout.log,True,85,0,32,True,13,22,4,6,0,1,3,0,3,3,4,0,0,0.11428571428571428,1.0
copier,copier-org/copier,copier_pr_2587,clean,FAIL,oracle_fail,2,3,1,1,1,0,focal_failure,245.0280225276947,15.540292263031006,260.5683147907257,3,11,0.3636,1297114,145370,1286791,1151744,10323,runs/copier/copier_pr_2587/codex_cli/clean/rep_1/result.json,runs/copier/copier_pr_2587/codex_cli/clean/rep_1/metrics.json,2026-04-28T06:56:12.931137+00:00,runs/copier/copier_pr_2587/codex_cli/clean/rep_1/logs/agent_stdout.log,True,111,0,40,True,17,26,4,4,0,7,3,0,3,3,5,3,3,0.11627906976744186,1.0
copier,copier-org/copier,copier_pr_2587,naming,FAIL,oracle_fail,0,3,3,1,1,0,focal_failure,337.6609733104706,16.662392139434814,354.3233654499054,3,6,0.5,1776022,117910,1765295,1658112,10727,runs/copier/copier_pr_2587/codex_cli/naming/rep_1/result.json,runs/copier/copier_pr_2587/codex_cli/naming/rep_1/metrics.json,2026-04-28T07:06:28.088304+00:00,runs/copier/copier_pr_2587/codex_cli/naming/rep_1/logs/agent_stdout.log,True,117,0,47,True,21,26,3,5,0,6,10,0,10,6,7,9,6,0.14893617021276595,0.6
copier,copier-org/copier,copier_pr_2587,type_hints,FAIL,oracle_fail,2,3,1,1,1,0,focal_failure,243.54071354866028,17.174270391464233,260.7149839401245,3,9,0.3333,1252458,124650,1243004,1127808,9454,runs/copier/copier_pr_2587/codex_cli/type_hints/rep_1/result.json,runs/copier/copier_pr_2587/codex_cli/type_hints/rep_1/metrics.json,2026-04-28T07:00:33.717061+00:00,runs/copier/copier_pr_2587/codex_cli/type_hints/rep_1/logs/agent_stdout.log,True,105,0,49,True,21,21,3,5,0,4,5,0,5,2,4,5,2,0.09523809523809523,0.4
copier,copier-org/copier,copier_pr_2587,comments_docstrings,FAIL,oracle_fail,0,3,3,1,1,0,focal_failure,263.602823972702,16.21534752845764,279.81817150115967,3,7,0.4286,1361480,125000,1351058,1236480,10422,runs/copier/copier_pr_2587/codex_cli/comments_docstrings/rep_1/result.json,runs/copier/copier_pr_2587/codex_cli/comments_docstrings/rep_1/metrics.json,2026-04-28T07:11:07.954733+00:00,runs/copier/copier_pr_2587/codex_cli/comments_docstrings/rep_1/logs/agent_stdout.log,True,125,0,53,True,19,20,3,7,0,5,3,0,3,2,3,3,2,0.07692307692307693,0.6666666666666666
copier,copier-org/copier,copier_pr_2587,remove_tests,FAIL,oracle_fail,0,3,3,1,1,0,focal_failure,180.98494458198547,12.299487590789797,193.28443217277527,2,7,0.4286,789256,99080,781537,690176,7719,runs/copier/copier_pr_2587/codex_cli/remove_tests/rep_1/result.json,runs/copier/copier_pr_2587/codex_cli/remove_tests/rep_1/metrics.json,2026-04-28T07:14:21.276533+00:00,runs/copier/copier_pr_2587/codex_cli/remove_tests/rep_1/logs/agent_stdout.log,True,81,0,31,True,13,18,3,7,0,3,5,0,5,3,4,5,3,0.12903225806451613,0.6
copier,copier-org/copier,copier_pr_2605,clean,SUCCESS,oracle_pass,4,4,0,58,58,0,success,412.1830389499664,33.71269512176514,445.8957340717316,3,7,0.4286,2207283,103475,2192858,2103808,14425,runs/copier/copier_pr_2605/codex_cli/clean/rep_1/result.json,runs/copier/copier_pr_2605/codex_cli/clean/rep_1/metrics.json,2026-04-28T06:07:46.037682+00:00,runs/copier/copier_pr_2605/codex_cli/clean/rep_1/logs/agent_stdout.log,True,122,0,49,True,22,28,3,6,0,5,6,0,6,4,5,6,4,0.1,0.6666666666666666
copier,copier-org/copier,copier_pr_2605,naming,FAIL,oracle_fail,0,4,4,0,58,58,focal_and_regression_failure,317.4560089111328,29.371333837509155,346.827342748642,3,6,0.5,1137689,116505,1124225,1021184,13464,runs/copier/copier_pr_2605/codex_cli/naming/rep_1/result.json,runs/copier/copier_pr_2605/codex_cli/naming/rep_1/metrics.json,2026-04-28T06:20:07.808754+00:00,runs/copier/copier_pr_2605/codex_cli/naming/rep_1/logs/agent_stdout.log,True,104,0,49,True,22,18,3,6,0,6,4,0,4,3,3,4,3,0.075,0.75
copier,copier-org/copier,copier_pr_2605,type_hints,SUCCESS,oracle_pass,4,4,0,58,58,0,success,360.89841961860657,33.96922755241394,394.8676471710205,3,6,0.5,2432787,121235,2417434,2311552,15353,runs/copier/copier_pr_2605/codex_cli/type_hints/rep_1/result.json,runs/copier/copier_pr_2605/codex_cli/type_hints/rep_1/metrics.json,2026-04-28T06:14:20.943060+00:00,runs/copier/copier_pr_2605/codex_cli/type_hints/rep_1/logs/agent_stdout.log,True,127,0,33,True,14,38,3,5,0,6,4,0,4,4,10,4,4,0.19230769230769232,1.0
copier,copier-org/copier,copier_pr_2605,comments_docstrings,SUCCESS,oracle_pass,4,4,0,58,58,0,success,247.43192148208615,28.541926383972168,275.97384786605835,3,7,0.4286,964458,110186,953235,854272,11223,runs/copier/copier_pr_2605/codex_cli/comments_docstrings/rep_1/result.json,runs/copier/copier_pr_2605/codex_cli/comments_docstrings/rep_1/metrics.json,2026-04-28T06:24:43.825535+00:00,runs/copier/copier_pr_2605/codex_cli/comments_docstrings/rep_1/logs/agent_stdout.log,True,94,0,35,True,15,21,3,6,0,5,4,0,4,3,3,4,3,0.08333333333333333,0.75
copier,copier-org/copier,copier_pr_2605,remove_tests,SUCCESS,oracle_pass,4,4,0,58,58,0,success,249.435439825058,36.6296443939209,286.0650842189789,2,3,0.6667,841269,102197,832327,739072,8942,runs/copier/copier_pr_2605/codex_cli/remove_tests/rep_1/result.json,runs/copier/copier_pr_2605/codex_cli/remove_tests/rep_1/metrics.json,2026-04-28T06:29:29.989175+00:00,runs/copier/copier_pr_2605/codex_cli/remove_tests/rep_1/logs/agent_stdout.log,True,82,0,39,True,17,17,3,4,0,2,2,0,2,2,5,0,0,0.14705882352941177,1.0
httpx,encode/httpx,httpx_pr_2423,clean,SUCCESS,oracle_pass,6,6,0,135,135,0,success,164.91847705841064,59.53205132484436,224.450528383255,3,4,0.75,472981,33429,466367,439552,6614,comparison_slices/httpx_codex_clean_vs_comments_docstrings/runs/httpx/httpx_pr_2423/codex_cli/clean/rep_1/result.json,comparison_slices/httpx_codex_clean_vs_comments_docstrings/runs/httpx/httpx_pr_2423/codex_cli/clean/rep_1/metrics.json,2026-04-23T03:48:56.982192+00:00,comparison_slices/httpx_codex_clean_vs_comments_docstrings/runs/httpx/httpx_pr_2423/codex_cli/clean/rep_1/logs/agent_stdout.log,True,44,0,25,True,11,5,0,1,0,2,4,1,3,2,2,3,2,0.125,0.5
httpx,encode/httpx,httpx_pr_2423,naming,FAIL,oracle_fail,6,6,0,109,135,26,regression_failure,234.5904533863068,77.57029342651367,312.16074681282043,3,4,0.75,813446,40326,803904,773120,9542,runs/httpx/httpx_pr_2423/codex_cli/naming/rep_1/result.json,runs/httpx/httpx_pr_2423/codex_cli/naming/rep_1/metrics.json,2026-04-23T03:31:30.653535+00:00,runs/httpx/httpx_pr_2423/codex_cli/naming/rep_1/logs/agent_stdout.log,True,63,0,36,True,16,8,0,1,0,3,5,1,4,3,3,0,1,0.125,0.6
httpx,encode/httpx,httpx_pr_2423,type_hints,SUCCESS,oracle_pass,6,6,0,135,135,0,success,189.84562468528748,62.40388751029968,252.2495121955872,3,4,0.75,834580,58772,827395,775808,7185,comparison_slices/httpx_codex_clean_vs_type_hints/runs/httpx/httpx_pr_2423/codex_cli/type_hints/rep_1/result.json,comparison_slices/httpx_codex_clean_vs_type_hints/runs/httpx/httpx_pr_2423/codex_cli/type_hints/rep_1/metrics.json,2026-04-23T03:44:08.676061+00:00,comparison_slices/httpx_codex_clean_vs_type_hints/runs/httpx/httpx_pr_2423/codex_cli/type_hints/rep_1/logs/agent_stdout.log,True,53,0,33,True,14,6,0,1,0,2,5,1,4,3,3,3,3,0.15,0.6
httpx,encode/httpx,httpx_pr_2423,comments_docstrings,SUCCESS,oracle_pass,6,6,0,135,135,0,success,207.5911285877228,47.04056763648987,254.63169622421265,3,4,0.75,575109,48005,566487,527104,8622,comparison_slices/httpx_codex_clean_vs_comments_docstrings/runs/httpx/httpx_pr_2423/codex_cli/comments_docstrings/rep_1/result.json,comparison_slices/httpx_codex_clean_vs_comments_docstrings/runs/httpx/httpx_pr_2423/codex_cli/comments_docstrings/rep_1/metrics.json,2026-04-23T03:53:11.716284+00:00,comparison_slices/httpx_codex_clean_vs_comments_docstrings/runs/httpx/httpx_pr_2423/codex_cli/comments_docstrings/rep_1/logs/agent_stdout.log,True,45,0,28,True,12,3,0,1,0,3,2,1,1,1,1,0,1,0.06666666666666667,0.5
httpx,encode/httpx,httpx_pr_2423,remove_tests,SUCCESS,oracle_pass,6,6,0,135,135,0,success,179.4539713859558,72.61449217796326,252.06846356391907,1,2,0.5,597918,77854,590512,520064,7406,comparison_slices/rq1_initial_matrix_missing/runs/httpx/httpx_pr_2423/codex_cli/remove_tests/rep_1/result.json,comparison_slices/rq1_initial_matrix_missing/runs/httpx/httpx_pr_2423/codex_cli/remove_tests/rep_1/metrics.json,2026-04-23T20:30:17.650970+00:00,comparison_slices/rq1_initial_matrix_missing/runs/httpx/httpx_pr_2423/codex_cli/remove_tests/rep_1/logs/agent_stdout.log,True,67,0,41,True,13,9,5,5,0,1,3,0,3,2,5,0,0,0.22727272727272727,0.6666666666666666
httpx,encode/httpx,httpx_pr_2535,clean,SUCCESS,oracle_pass,3,3,0,136,136,0,success,313.9837222099304,57.91946220397949,371.9031844139099,8,10,0.7,1439948,97100,1429063,1342848,10885,comparison_slices/httpx_pr_2535_codex_clean_vs_naming/runs/httpx/httpx_pr_2535/codex_cli/clean/rep_1/result.json,comparison_slices/httpx_pr_2535_codex_clean_vs_naming/runs/httpx/httpx_pr_2535/codex_cli/clean/rep_1/metrics.json,2026-04-23T04:08:07.660516+00:00,comparison_slices/httpx_pr_2535_codex_clean_vs_naming/runs/httpx/httpx_pr_2535/codex_cli/clean/rep_1/logs/agent_stdout.log,True,68,0,42,True,19,9,0,1,0,1,5,0,5,3,4,0,0,0.14285714285714285,0.6
httpx,encode/httpx,httpx_pr_2535,naming,SUCCESS,oracle_pass,3,3,0,136,136,0,success,418.3570854663849,77.03542256355286,495.39250802993774,5,6,1.0,2452848,73456,2435641,2379392,17207,comparison_slices/httpx_pr_2535_codex_clean_vs_naming/runs/httpx/httpx_pr_2535/codex_cli/naming/rep_1/result.json,comparison_slices/httpx_pr_2535_codex_clean_vs_naming/runs/httpx/httpx_pr_2535/codex_cli/naming/rep_1/metrics.json,2026-04-23T04:16:23.338393+00:00,comparison_slices/httpx_pr_2535_codex_clean_vs_naming/runs/httpx/httpx_pr_2535/codex_cli/naming/rep_1/logs/agent_stdout.log,True,125,0,81,True,39,13,0,1,0,7,5,2,3,1,4,0,1,0.07692307692307693,0.2
httpx,encode/httpx,httpx_pr_2535,type_hints,SUCCESS,oracle_pass,3,3,0,136,136,0,success,534.9392216205597,74.67534875869751,609.6145703792572,6,12,0.75,2713180,154588,2701033,2558592,12147,comparison_slices/rq1_initial_matrix_missing/runs/httpx/httpx_pr_2535/codex_cli/type_hints/rep_1/result.json,comparison_slices/rq1_initial_matrix_missing/runs/httpx/httpx_pr_2535/codex_cli/type_hints/rep_1/metrics.json,2026-04-23T20:40:27.386216+00:00,comparison_slices/rq1_initial_matrix_missing/runs/httpx/httpx_pr_2535/codex_cli/type_hints/rep_1/logs/agent_stdout.log,True,105,0,36,True,15,20,4,7,0,9,15,0,15,6,6,14,6,0.17142857142857143,0.4
httpx,encode/httpx,httpx_pr_2535,comments_docstrings,SUCCESS,oracle_pass,3,3,0,136,136,0,success,639.4118344783783,28.408647775650024,667.8204822540283,7,12,0.75,3829958,197318,3810635,3632640,19323,comparison_slices/rq1_initial_matrix_missing/runs/httpx/httpx_pr_2535/codex_cli/comments_docstrings/rep_1/result.json,comparison_slices/rq1_initial_matrix_missing/runs/httpx/httpx_pr_2535/codex_cli/comments_docstrings/rep_1/metrics.json,2026-04-23T20:51:35.317903+00:00,comparison_slices/rq1_initial_matrix_missing/runs/httpx/httpx_pr_2535/codex_cli/comments_docstrings/rep_1/logs/agent_stdout.log,True,163,0,46,True,20,39,4,7,0,13,14,0,14,6,7,10,6,0.11864406779661017,0.42857142857142855
httpx,encode/httpx,httpx_pr_2535,remove_tests,SUCCESS,oracle_pass,3,3,0,136,136,0,success,653.6911551952362,27.226964235305783,680.918119430542,6,8,0.75,1266972,125980,1255056,1140992,11916,comparison_slices/rq1_initial_matrix_missing/runs/httpx/httpx_pr_2535/codex_cli/remove_tests/rep_1/result.json,comparison_slices/rq1_initial_matrix_missing/runs/httpx/httpx_pr_2535/codex_cli/remove_tests/rep_1/metrics.json,2026-04-23T21:02:56.281959+00:00,comparison_slices/rq1_initial_matrix_missing/runs/httpx/httpx_pr_2535/codex_cli/remove_tests/rep_1/logs/agent_stdout.log,True,104,0,48,True,21,19,4,7,0,4,11,0,11,3,6,10,3,0.15,0.2727272727272727
httpx,encode/httpx,httpx_pr_2547,clean,SUCCESS,oracle_pass,3,3,0,45,45,0,success,409.5990924835205,60.52726721763611,470.1263597011566,5,5,0.8,1713651,58739,1698382,1654912,15269,comparison_slices/httpx_pr_2547_codex_clean_vs_naming/runs/httpx/httpx_pr_2547/codex_cli/clean/rep_1/result.json,comparison_slices/httpx_pr_2547_codex_clean_vs_naming/runs/httpx/httpx_pr_2547/codex_cli/clean/rep_1/metrics.json,2026-04-23T04:39:24.698687+00:00,comparison_slices/httpx_pr_2547_codex_clean_vs_naming/runs/httpx/httpx_pr_2547/codex_cli/clean/rep_1/logs/agent_stdout.log,True,104,0,63,True,29,14,0,1,0,2,3,0,3,0,3,1,0,0.06976744186046512,0.0
httpx,encode/httpx,httpx_pr_2547,naming,SUCCESS,oracle_pass,3,3,0,45,45,0,success,445.3446412086487,19.762407302856445,465.1070485115051,5,5,0.8,2197335,68183,2182777,2129152,14558,comparison_slices/httpx_pr_2547_codex_naming_prompt_fair/runs/httpx/httpx_pr_2547/codex_cli/naming/rep_1/result.json,comparison_slices/httpx_pr_2547_codex_naming_prompt_fair/runs/httpx/httpx_pr_2547/codex_cli/naming/rep_1/metrics.json,2026-04-23T06:02:02.337774+00:00,comparison_slices/httpx_pr_2547_codex_naming_prompt_fair/runs/httpx/httpx_pr_2547/codex_cli/naming/rep_1/logs/agent_stdout.log,True,101,0,41,True,19,23,0,1,0,3,10,2,8,5,7,7,5,0.16666666666666666,0.5
httpx,encode/httpx,httpx_pr_2547,type_hints,FAIL,oracle_fail,0,3,3,45,45,0,focal_miss,274.53945231437683,35.5848171710968,310.12426948547363,5,8,0.875,797255,129479,783981,667776,13274,comparison_slices/rq1_initial_matrix_missing/runs/httpx/httpx_pr_2547/codex_cli/type_hints/rep_1/result.json,comparison_slices/rq1_initial_matrix_missing/runs/httpx/httpx_pr_2547/codex_cli/type_hints/rep_1/metrics.json,2026-04-23T21:08:06.445129+00:00,comparison_slices/rq1_initial_matrix_missing/runs/httpx/httpx_pr_2547/codex_cli/type_hints/rep_1/logs/agent_stdout.log,True,77,0,40,True,17,10,4,4,0,6,1,0,1,0,1,1,0,0.037037037037037035,0.0
httpx,encode/httpx,httpx_pr_2547,comments_docstrings,FAIL,oracle_fail,2,3,1,45,45,0,focal_miss,326.7688357830048,17.62701106071472,344.3958468437195,5,7,1.0,1096856,79256,1081609,1017600,15247,comparison_slices/rq1_initial_matrix_missing/runs/httpx/httpx_pr_2547/codex_cli/comments_docstrings/rep_1/result.json,comparison_slices/rq1_initial_matrix_missing/runs/httpx/httpx_pr_2547/codex_cli/comments_docstrings/rep_1/metrics.json,2026-04-23T21:13:50.897670+00:00,comparison_slices/rq1_initial_matrix_missing/runs/httpx/httpx_pr_2547/codex_cli/comments_docstrings/rep_1/logs/agent_stdout.log,True,82,0,28,True,11,20,4,3,0,5,2,0,2,0,0,0,0,0.0,0.0
httpx,encode/httpx,httpx_pr_2547,remove_tests,FAIL,oracle_fail,0,3,3,45,45,0,focal_miss,485.3992655277252,17.976962566375732,503.37622809410095,5,7,0.8571,1699182,85742,1684176,1613440,15006,comparison_slices/rq1_initial_matrix_missing/runs/httpx/httpx_pr_2547/codex_cli/remove_tests/rep_1/result.json,comparison_slices/rq1_initial_matrix_missing/runs/httpx/httpx_pr_2547/codex_cli/remove_tests/rep_1/metrics.json,2026-04-23T21:22:14.306582+00:00,comparison_slices/rq1_initial_matrix_missing/runs/httpx/httpx_pr_2547/codex_cli/remove_tests/rep_1/logs/agent_stdout.log,True,91,0,29,True,12,24,3,4,0,4,5,0,5,3,4,1,1,0.1111111111111111,0.6
marshmallow,marshmallow-code/marshmallow,marshmallow_pr_1632,clean,SUCCESS,oracle_pass,6,6,0,35,35,0,success,314.7607901096344,5.426294326782227,320.1870844364166,3,5,0.6,1756241,77649,1743640,1678592,12601,runs/marshmallow/marshmallow_pr_1632/codex_cli/clean/rep_1/result.json,runs/marshmallow/marshmallow_pr_1632/codex_cli/clean/rep_1/metrics.json,2026-04-27T18:55:28.686998+00:00,runs/marshmallow/marshmallow_pr_1632/codex_cli/clean/rep_1/logs/agent_stdout.log,True,125,0,41,True,18,33,3,5,0,6,3,0,3,1,6,0,0,0.11764705882352941,0.3333333333333333
marshmallow,marshmallow-code/marshmallow,marshmallow_pr_1632,naming,SUCCESS,oracle_pass,6,6,0,35,35,0,success,279.40775966644287,10.218577861785889,289.6263375282288,2,3,1.0,1158745,74713,1147004,1084032,11741,runs/marshmallow/marshmallow_pr_1632/codex_cli/naming/rep_1/result.json,runs/marshmallow/marshmallow_pr_1632/codex_cli/naming/rep_1/metrics.json,2026-04-27T19:04:32.887768+00:00,runs/marshmallow/marshmallow_pr_1632/codex_cli/naming/rep_1/logs/agent_stdout.log,True,104,0,43,True,19,22,3,6,0,5,7,0,7,2,5,4,2,0.12195121951219512,0.2857142857142857
marshmallow,marshmallow-code/marshmallow,marshmallow_pr_1632,type_hints,SUCCESS,oracle_pass,6,6,0,35,35,0,success,248.79490542411804,5.706171035766602,254.50107645988464,3,3,1.0,1245663,115935,1235418,1129728,10245,runs/marshmallow/marshmallow_pr_1632/codex_cli/type_hints/rep_1/result.json,runs/marshmallow/marshmallow_pr_1632/codex_cli/type_hints/rep_1/metrics.json,2026-04-27T18:59:43.226262+00:00,runs/marshmallow/marshmallow_pr_1632/codex_cli/type_hints/rep_1/logs/agent_stdout.log,True,113,0,44,True,19,24,4,4,0,8,8,0,8,4,5,7,4,0.11627906976744186,0.5
marshmallow,marshmallow-code/marshmallow,marshmallow_pr_1632,comments_docstrings,SUCCESS,oracle_pass,6,6,0,35,35,0,success,160.60326600074768,5.455246925354004,166.05851292610168,2,3,1.0,558237,77725,551574,480512,6663,runs/marshmallow/marshmallow_pr_1632/codex_cli/comments_docstrings/rep_1/result.json,runs/marshmallow/marshmallow_pr_1632/codex_cli/comments_docstrings/rep_1/metrics.json,2026-04-27T19:07:18.984819+00:00,runs/marshmallow/marshmallow_pr_1632/codex_cli/comments_docstrings/rep_1/logs/agent_stdout.log,True,73,0,31,True,13,14,3,5,0,4,4,0,4,1,3,2,1,0.1111111111111111,0.25
marshmallow,marshmallow-code/marshmallow,marshmallow_pr_1632,remove_tests,SUCCESS,oracle_pass,6,6,0,35,35,0,success,152.6492211818695,5.344462871551514,157.99368405342102,2,3,0.6667,377778,47026,370962,330752,6816,runs/marshmallow/marshmallow_pr_1632/codex_cli/remove_tests/rep_1/result.json,runs/marshmallow/marshmallow_pr_1632/codex_cli/remove_tests/rep_1/metrics.json,2026-04-27T19:09:57.007756+00:00,runs/marshmallow/marshmallow_pr_1632/codex_cli/remove_tests/rep_1/logs/agent_stdout.log,True,59,0,23,True,9,12,3,3,0,4,2,0,2,1,3,1,1,0.14285714285714285,0.5
marshmallow,marshmallow-code/marshmallow,marshmallow_pr_2772,clean,SUCCESS,oracle_pass,1,1,0,203,203,0,success,176.13701033592224,5.6017820835113525,181.7387924194336,2,3,1.0,547612,43164,540161,504448,7451,runs/marshmallow/marshmallow_pr_2772/codex_cli/clean/rep_1/result.json,runs/marshmallow/marshmallow_pr_2772/codex_cli/clean/rep_1/metrics.json,2026-04-27T19:12:58.775960+00:00,runs/marshmallow/marshmallow_pr_2772/codex_cli/clean/rep_1/logs/agent_stdout.log,True,72,0,19,True,7,21,3,4,0,3,6,0,6,5,8,3,2,0.2857142857142857,0.8333333333333334
marshmallow,marshmallow-code/marshmallow,marshmallow_pr_2772,naming,FAIL,oracle_fail,1,1,0,38,203,165,pass_to_pass_failed,303.6288728713989,46.503338098526,350.1322109699249,3,5,0.6,1437174,150646,1424556,1286528,12618,runs/marshmallow/marshmallow_pr_2772/codex_cli/naming/rep_1/result.json,runs/marshmallow/marshmallow_pr_2772/codex_cli/naming/rep_1/metrics.json,2026-04-27T19:22:20.314175+00:00,runs/marshmallow/marshmallow_pr_2772/codex_cli/naming/rep_1/logs/agent_stdout.log,True,119,0,33,True,14,34,3,5,0,6,5,0,5,3,7,3,2,0.14583333333333334,0.6
marshmallow,marshmallow-code/marshmallow,marshmallow_pr_2772,type_hints,SUCCESS,oracle_pass,1,1,0,203,203,0,success,204.9986870288849,6.330536365509033,211.32922339439392,3,5,0.6,874623,96639,866168,777984,8455,runs/marshmallow/marshmallow_pr_2772/codex_cli/type_hints/rep_1/result.json,runs/marshmallow/marshmallow_pr_2772/codex_cli/type_hints/rep_1/metrics.json,2026-04-27T19:16:30.144436+00:00,runs/marshmallow/marshmallow_pr_2772/codex_cli/type_hints/rep_1/logs/agent_stdout.log,True,83,0,32,True,13,17,4,4,0,6,7,1,6,3,3,5,3,0.1,0.42857142857142855
marshmallow,marshmallow-code/marshmallow,marshmallow_pr_2772,comments_docstrings,SUCCESS,oracle_pass,1,1,0,203,203,0,success,182.8554904460907,5.762597560882568,188.61808800697327,2,4,0.75,689308,95772,681356,593536,7952,runs/marshmallow/marshmallow_pr_2772/codex_cli/comments_docstrings/rep_1/result.json,runs/marshmallow/marshmallow_pr_2772/codex_cli/comments_docstrings/rep_1/metrics.json,2026-04-27T19:25:28.973589+00:00,runs/marshmallow/marshmallow_pr_2772/codex_cli/comments_docstrings/rep_1/logs/agent_stdout.log,True,87,0,30,True,12,21,4,6,0,4,5,0,5,3,5,4,2,0.15151515151515152,0.6
marshmallow,marshmallow-code/marshmallow,marshmallow_pr_2772,remove_tests,SUCCESS,oracle_pass,1,1,0,203,203,0,success,180.48534774780276,5.665189266204834,186.1505370140076,2,4,0.5,701066,55818,692945,645248,8121,runs/marshmallow/marshmallow_pr_2772/codex_cli/remove_tests/rep_1/result.json,runs/marshmallow/marshmallow_pr_2772/codex_cli/remove_tests/rep_1/metrics.json,2026-04-27T19:28:35.161622+00:00,runs/marshmallow/marshmallow_pr_2772/codex_cli/remove_tests/rep_1/logs/agent_stdout.log,True,87,0,29,True,12,23,3,5,0,3,6,0,6,3,5,0,0,0.14285714285714285,0.5
marshmallow,marshmallow-code/marshmallow,marshmallow_pr_2792,clean,SUCCESS,oracle_pass,1,1,0,36,36,0,success,159.96664118766785,5.98193883895874,165.9485800266266,2,4,0.5,518136,62584,511512,455552,6624,runs/marshmallow/marshmallow_pr_2792/codex_cli/clean/rep_1/result.json,runs/marshmallow/marshmallow_pr_2792/codex_cli/clean/rep_1/metrics.json,2026-04-27T18:32:57.933770+00:00,runs/marshmallow/marshmallow_pr_2792/codex_cli/clean/rep_1/logs/agent_stdout.log,True,71,0,43,True,19,8,3,5,0,3,2,0,2,2,3,2,2,0.1111111111111111,1.0
marshmallow,marshmallow-code/marshmallow,marshmallow_pr_2792,naming,SUCCESS,oracle_pass,1,1,0,36,36,0,success,280.2370271682739,13.532099962234495,293.7691271305084,2,4,0.5,1086079,112255,1075498,973824,10581,runs/marshmallow/marshmallow_pr_2792/codex_cli/naming/rep_1/result.json,runs/marshmallow/marshmallow_pr_2792/codex_cli/naming/rep_1/metrics.json,2026-04-27T18:41:44.021002+00:00,runs/marshmallow/marshmallow_pr_2792/codex_cli/naming/rep_1/logs/agent_stdout.log,True,91,0,29,True,12,23,3,7,0,4,6,0,6,4,6,3,3,0.17142857142857143,0.6666666666666666
marshmallow,marshmallow-code/marshmallow,marshmallow_pr_2792,type_hints,SUCCESS,oracle_pass,1,1,0,36,36,0,success,226.45193195343015,5.815896034240723,232.2678279876709,2,4,0.5,885791,108703,876649,777088,9142,runs/marshmallow/marshmallow_pr_2792/codex_cli/type_hints/rep_1/result.json,runs/marshmallow/marshmallow_pr_2792/codex_cli/type_hints/rep_1/metrics.json,2026-04-27T18:36:50.226808+00:00,runs/marshmallow/marshmallow_pr_2792/codex_cli/type_hints/rep_1/logs/agent_stdout.log,True,100,0,40,True,17,23,4,5,0,4,4,0,4,3,6,4,3,0.15,0.75
marshmallow,marshmallow-code/marshmallow,marshmallow_pr_2792,comments_docstrings,SUCCESS,oracle_pass,1,1,0,36,36,0,success,129.25201606750488,7.030125617980957,136.28214168548584,2,4,0.5,343961,36889,338769,307072,5192,runs/marshmallow/marshmallow_pr_2792/codex_cli/comments_docstrings/rep_1/result.json,runs/marshmallow/marshmallow_pr_2792/codex_cli/comments_docstrings/rep_1/metrics.json,2026-04-27T18:44:00.332032+00:00,runs/marshmallow/marshmallow_pr_2792/codex_cli/comments_docstrings/rep_1/logs/agent_stdout.log,True,45,0,22,True,8,7,4,4,0,2,4,1,3,2,3,0,1,0.2,0.5
marshmallow,marshmallow-code/marshmallow,marshmallow_pr_2792,remove_tests,SUCCESS,oracle_pass,1,1,0,36,36,0,success,362.6895172595978,5.435808420181274,368.1253256797791,2,6,0.5,2091322,152506,2077052,1938816,14270,runs/marshmallow/marshmallow_pr_2792/codex_cli/remove_tests/rep_1/result.json,runs/marshmallow/marshmallow_pr_2792/codex_cli/remove_tests/rep_1/metrics.json,2026-04-27T18:50:08.484626+00:00,runs/marshmallow/marshmallow_pr_2792/codex_cli/remove_tests/rep_1/logs/agent_stdout.log,True,151,0,43,True,19,34,3,7,0,8,13,0,13,5,8,11,5,0.1509433962264151,0.38461538461538464
pip-tools,jazzband/pip-tools,pip-tools_pr_1582,clean,SUCCESS,oracle_pass,1,1,0,124,124,0,success,141.17308974266052,11.122788190841677,152.2958779335022,2,2,1.0,411497,43113,407070,368384,4427,runs/pip-tools/pip-tools_pr_1582/codex_cli/clean/rep_1/result.json,runs/pip-tools/pip-tools_pr_1582/codex_cli/clean/rep_1/metrics.json,2026-04-28T01:54:39.866119+00:00,runs/pip-tools/pip-tools_pr_1582/codex_cli/clean/rep_1/logs/agent_stdout.log,True,54,0,23,True,8,10,5,6,0,2,7,2,5,4,4,0,2,0.2222222222222222,0.5714285714285714
pip-tools,jazzband/pip-tools,pip-tools_pr_1582,naming,SUCCESS,oracle_pass,1,1,0,124,124,0,success,104.25528287887572,43.48400855064392,147.73929142951965,2,2,1.0,521953,73569,517639,448384,4314,runs/pip-tools/pip-tools_pr_1582/codex_cli/naming/rep_1/result.json,runs/pip-tools/pip-tools_pr_1582/codex_cli/naming/rep_1/metrics.json,2026-04-28T01:59:36.838891+00:00,runs/pip-tools/pip-tools_pr_1582/codex_cli/naming/rep_1/logs/agent_stdout.log,True,57,0,32,True,13,10,4,2,0,1,6,2,4,3,4,0,1,0.17391304347826086,0.5
pip-tools,jazzband/pip-tools,pip-tools_pr_1582,type_hints,SUCCESS,oracle_pass,1,1,0,124,124,0,success,129.4132194519043,19.74598789215088,149.15920734405518,2,2,1.0,357986,48866,352475,309120,5511,runs/pip-tools/pip-tools_pr_1582/codex_cli/type_hints/rep_1/result.json,runs/pip-tools/pip-tools_pr_1582/codex_cli/type_hints/rep_1/metrics.json,2026-04-28T01:57:09.060579+00:00,runs/pip-tools/pip-tools_pr_1582/codex_cli/type_hints/rep_1/logs/agent_stdout.log,True,55,0,26,True,10,9,4,6,0,2,5,0,5,3,3,0,0,0.15789473684210525,0.6
pip-tools,jazzband/pip-tools,pip-tools_pr_1582,comments_docstrings,SUCCESS,oracle_pass,1,1,0,124,124,0,success,145.1283507347107,14.228838682174684,159.35718941688538,2,2,1.0,398996,54548,394581,344448,4415,runs/pip-tools/pip-tools_pr_1582/codex_cli/comments_docstrings/rep_1/result.json,runs/pip-tools/pip-tools_pr_1582/codex_cli/comments_docstrings/rep_1/metrics.json,2026-04-28T02:02:16.229803+00:00,runs/pip-tools/pip-tools_pr_1582/codex_cli/comments_docstrings/rep_1/logs/agent_stdout.log,True,56,0,22,True,8,11,4,7,0,2,5,0,5,3,3,0,0,0.15789473684210525,0.6
pip-tools,jazzband/pip-tools,pip-tools_pr_1582,remove_tests,SUCCESS,oracle_pass,1,1,0,124,124,0,success,107.55335664749146,11.082551956176758,118.6359086036682,1,1,1.0,226027,57707,223000,168320,3027,runs/pip-tools/pip-tools_pr_1582/codex_cli/remove_tests/rep_1/result.json,runs/pip-tools/pip-tools_pr_1582/codex_cli/remove_tests/rep_1/metrics.json,2026-04-28T02:04:14.895759+00:00,runs/pip-tools/pip-tools_pr_1582/codex_cli/remove_tests/rep_1/logs/agent_stdout.log,True,39,0,17,True,6,8,3,3,0,1,3,0,3,2,3,0,0,0.21428571428571427,0.6666666666666666
pip-tools,jazzband/pip-tools,pip-tools_pr_1893,clean,FAIL,oracle_fail,0,39,39,79,79,0,focal_failure,228.89268851280207,7.46566915512085,236.35835766792297,2,2,1.0,1023334,77286,1014871,946048,8463,runs/pip-tools/pip-tools_pr_1893/codex_cli/clean/rep_1/result.json,runs/pip-tools/pip-tools_pr_1893/codex_cli/clean/rep_1/metrics.json,2026-04-28T02:08:11.272657+00:00,runs/pip-tools/pip-tools_pr_1893/codex_cli/clean/rep_1/logs/agent_stdout.log,True,84,0,66,True,26,4,6,3,0,3,5,3,2,2,5,0,2,0.16666666666666666,0.4
pip-tools,jazzband/pip-tools,pip-tools_pr_1893,naming,FAIL,oracle_fail,0,39,39,79,79,0,focal_failure,225.895512342453,11.19196343421936,237.0874757766724,2,4,0.75,1159349,134837,1149993,1024512,9356,runs/pip-tools/pip-tools_pr_1893/codex_cli/naming/rep_1/result.json,runs/pip-tools/pip-tools_pr_1893/codex_cli/naming/rep_1/metrics.json,2026-04-28T02:15:45.474568+00:00,runs/pip-tools/pip-tools_pr_1893/codex_cli/naming/rep_1/logs/agent_stdout.log,True,88,0,44,True,19,16,4,3,0,4,8,3,5,4,5,2,3,0.14285714285714285,0.5
pip-tools,jazzband/pip-tools,pip-tools_pr_1893,type_hints,FAIL,oracle_fail,0,39,39,79,79,0,focal_failure,208.2200222015381,8.832420825958252,217.05244302749637,2,3,0.6667,961393,83953,953743,877440,7650,runs/pip-tools/pip-tools_pr_1893/codex_cli/type_hints/rep_1/result.json,runs/pip-tools/pip-tools_pr_1893/codex_cli/type_hints/rep_1/metrics.json,2026-04-28T02:11:48.357896+00:00,runs/pip-tools/pip-tools_pr_1893/codex_cli/type_hints/rep_1/logs/agent_stdout.log,True,70,0,49,True,21,6,5,2,0,3,4,2,2,2,3,1,2,0.1111111111111111,0.5
pip-tools,jazzband/pip-tools,pip-tools_pr_1893,comments_docstrings,FAIL,oracle_fail,0,39,39,79,79,0,focal_failure,284.21545243263245,8.280125856399536,292.495578289032,2,2,1.0,1248405,138645,1238494,1109760,9911,runs/pip-tools/pip-tools_pr_1893/codex_cli/comments_docstrings/rep_1/result.json,runs/pip-tools/pip-tools_pr_1893/codex_cli/comments_docstrings/rep_1/metrics.json,2026-04-28T02:20:38.003585+00:00,runs/pip-tools/pip-tools_pr_1893/codex_cli/comments_docstrings/rep_1/logs/agent_stdout.log,True,97,0,58,True,21,12,4,4,0,5,10,4,6,3,3,5,3,0.09090909090909091,0.3
pip-tools,jazzband/pip-tools,pip-tools_pr_1893,remove_tests,FAIL,oracle_fail,0,39,39,79,79,0,focal_failure,411.2036085128784,7.296408653259277,418.5000171661377,2,5,0.4,1689091,192899,1672229,1496192,16862,runs/pip-tools/pip-tools_pr_1893/codex_cli/remove_tests/rep_1/result.json,runs/pip-tools/pip-tools_pr_1893/codex_cli/remove_tests/rep_1/metrics.json,2026-04-28T02:27:36.525527+00:00,runs/pip-tools/pip-tools_pr_1893/codex_cli/remove_tests/rep_1/logs/agent_stdout.log,True,127,0,46,True,20,28,4,4,0,6,11,1,10,4,5,9,4,0.10416666666666667,0.36363636363636365
pip-tools,jazzband/pip-tools,pip-tools_pr_2087,clean,FAIL,oracle_fail,0,1,1,0,0,0,focal_failure,344.80030846595764,31.996692180633545,376.7970006465912,4,3,1.0,1460564,80852,1447693,1379712,12871,runs/pip-tools/pip-tools_pr_2087/codex_cli/clean/rep_1/result.json,runs/pip-tools/pip-tools_pr_2087/codex_cli/clean/rep_1/metrics.json,2026-04-28T01:33:28.825591+00:00,runs/pip-tools/pip-tools_pr_2087/codex_cli/clean/rep_1/logs/agent_stdout.log,True,127,0,43,True,18,30,5,9,0,7,8,0,8,3,10,7,3,0.20833333333333334,0.375
pip-tools,jazzband/pip-tools,pip-tools_pr_2087,naming,FAIL,oracle_fail,0,1,1,0,0,0,focal_failure,283.8551685810089,7.716123104095459,291.5712916851044,2,3,0.6667,1103222,111478,1092130,991744,11092,runs/pip-tools/pip-tools_pr_2087/codex_cli/naming/rep_1/result.json,runs/pip-tools/pip-tools_pr_2087/codex_cli/naming/rep_1/metrics.json,2026-04-28T01:42:38.901297+00:00,runs/pip-tools/pip-tools_pr_2087/codex_cli/naming/rep_1/logs/agent_stdout.log,True,97,0,54,True,24,15,4,4,0,4,8,3,5,2,8,4,2,0.20512820512820512,0.25
pip-tools,jazzband/pip-tools,pip-tools_pr_2087,type_hints,FAIL,oracle_fail,0,1,1,0,0,0,focal_failure,228.75530409812927,29.5547399520874,258.3100440502167,4,3,1.0,922387,125843,914103,796544,8284,runs/pip-tools/pip-tools_pr_2087/codex_cli/type_hints/rep_1/result.json,runs/pip-tools/pip-tools_pr_2087/codex_cli/type_hints/rep_1/metrics.json,2026-04-28T01:37:47.229062+00:00,runs/pip-tools/pip-tools_pr_2087/codex_cli/type_hints/rep_1/logs/agent_stdout.log,True,82,0,36,True,15,15,4,3,0,6,7,1,6,4,8,4,4,0.26666666666666666,0.5714285714285714
pip-tools,jazzband/pip-tools,pip-tools_pr_2087,comments_docstrings,FAIL,oracle_fail,0,1,1,0,0,0,focal_failure,350.7629644870758,8.176956415176392,358.9399209022522,2,5,0.4,2659153,143313,2644800,2515840,14353,runs/pip-tools/pip-tools_pr_2087/codex_cli/comments_docstrings/rep_1/result.json,runs/pip-tools/pip-tools_pr_2087/codex_cli/comments_docstrings/rep_1/metrics.json,2026-04-28T01:48:37.872775+00:00,runs/pip-tools/pip-tools_pr_2087/codex_cli/comments_docstrings/rep_1/logs/agent_stdout.log,True,138,0,77,True,27,22,3,6,0,5,6,0,6,1,7,5,1,0.14285714285714285,0.16666666666666666
pip-tools,jazzband/pip-tools,pip-tools_pr_2087,remove_tests,FAIL,oracle_fail,0,1,1,0,0,0,focal_failure,202.11636090278623,7.537503719329834,209.6538646221161,2,3,0.3333,980759,85783,971955,894976,8804,runs/pip-tools/pip-tools_pr_2087/codex_cli/remove_tests/rep_1/result.json,runs/pip-tools/pip-tools_pr_2087/codex_cli/remove_tests/rep_1/metrics.json,2026-04-28T01:52:07.548130+00:00,runs/pip-tools/pip-tools_pr_2087/codex_cli/remove_tests/rep_1/logs/agent_stdout.log,True,95,0,48,True,21,20,4,4,0,1,8,0,8,4,10,0,0,0.24390243902439024,0.5
pydantic-settings,pydantic/pydantic-settings,pydantic-settings_pr_730,clean,FAIL,oracle_fail,6,9,3,23,23,0,focal_failure,288.8749587535858,19.31195306777954,308.18691182136536,3,4,0.75,767540,102836,754963,664704,12577,runs/pydantic-settings/pydantic-settings_pr_730/codex_cli/clean/rep_1/result.json,runs/pydantic-settings/pydantic-settings_pr_730/codex_cli/clean/rep_1/metrics.json,2026-04-28T04:16:39.264918+00:00,runs/pydantic-settings/pydantic-settings_pr_730/codex_cli/clean/rep_1/logs/agent_stdout.log,True,98,0,18,True,6,30,4,9,0,5,4,0,4,3,5,4,3,0.1388888888888889,0.75
pydantic-settings,pydantic/pydantic-settings,pydantic-settings_pr_730,naming,FAIL,oracle_fail,4,9,5,23,23,0,focal_failure,208.2985110282898,20.693007946014404,228.9915189743042,2,4,0.75,475704,43960,466124,431744,9580,runs/pydantic-settings/pydantic-settings_pr_730/codex_cli/naming/rep_1/result.json,runs/pydantic-settings/pydantic-settings_pr_730/codex_cli/naming/rep_1/metrics.json,2026-04-28T04:25:17.138439+00:00,runs/pydantic-settings/pydantic-settings_pr_730/codex_cli/naming/rep_1/logs/agent_stdout.log,True,64,0,25,True,9,14,5,4,0,3,4,1,3,3,3,2,2,0.13043478260869565,0.75
pydantic-settings,pydantic/pydantic-settings,pydantic-settings_pr_730,type_hints,FAIL,oracle_fail,4,9,5,23,23,0,focal_failure,269.0671639442444,19.7571063041687,288.8242702484131,3,6,0.5,666474,100458,655500,566016,10974,runs/pydantic-settings/pydantic-settings_pr_730/codex_cli/type_hints/rep_1/result.json,runs/pydantic-settings/pydantic-settings_pr_730/codex_cli/type_hints/rep_1/metrics.json,2026-04-28T04:21:28.114786+00:00,runs/pydantic-settings/pydantic-settings_pr_730/codex_cli/type_hints/rep_1/logs/agent_stdout.log,True,78,0,28,True,11,18,4,5,0,4,2,0,2,2,2,2,2,0.06896551724137931,1.0
pydantic-settings,pydantic/pydantic-settings,pydantic-settings_pr_730,comments_docstrings,FAIL,oracle_fail,4,9,5,23,23,0,focal_failure,280.52667713165283,24.351862907409668,304.8785400390625,3,6,0.5,1051516,93564,1038874,957952,12642,runs/pydantic-settings/pydantic-settings_pr_730/codex_cli/comments_docstrings/rep_1/result.json,runs/pydantic-settings/pydantic-settings_pr_730/codex_cli/comments_docstrings/rep_1/metrics.json,2026-04-28T04:30:22.053397+00:00,runs/pydantic-settings/pydantic-settings_pr_730/codex_cli/comments_docstrings/rep_1/logs/agent_stdout.log,True,89,0,24,True,9,24,4,8,0,4,2,0,2,2,5,2,2,0.15151515151515152,1.0
pydantic-settings,pydantic/pydantic-settings,pydantic-settings_pr_730,remove_tests,FAIL,oracle_fail,4,9,5,23,23,0,focal_failure,121.02142119407654,24.194250106811523,145.21567130088806,2,6,0.3333,246038,49174,240662,196864,5376,runs/pydantic-settings/pydantic-settings_pr_730/codex_cli/remove_tests/rep_1/result.json,runs/pydantic-settings/pydantic-settings_pr_730/codex_cli/remove_tests/rep_1/metrics.json,2026-04-28T04:32:47.301779+00:00,runs/pydantic-settings/pydantic-settings_pr_730/codex_cli/remove_tests/rep_1/logs/agent_stdout.log,True,47,0,27,True,11,6,3,3,0,2,1,0,1,1,2,0,0,0.11764705882352941,1.0
pydantic-settings,pydantic/pydantic-settings,pydantic-settings_pr_773,clean,FAIL,oracle_fail,4,6,2,11,11,0,focal_failure,532.1720700263977,19.301083087921143,551.4731531143188,4,8,0.5,778737,87665,769977,691072,8760,runs/pydantic-settings/pydantic-settings_pr_773/codex_cli/clean/rep_1/result.json,runs/pydantic-settings/pydantic-settings_pr_773/codex_cli/clean/rep_1/metrics.json,2026-04-28T04:41:58.798829+00:00,runs/pydantic-settings/pydantic-settings_pr_773/codex_cli/clean/rep_1/logs/agent_stdout.log,True,72,0,34,True,11,12,3,5,0,4,4,0,4,2,3,0,0,0.13043478260869565,0.5
pydantic-settings,pydantic/pydantic-settings,pydantic-settings_pr_773,naming,FAIL,oracle_fail,3,6,3,11,11,0,focal_failure,260.6804094314575,28.426597833633423,289.10700726509094,4,6,0.5,1050181,71109,1038890,979072,11291,runs/pydantic-settings/pydantic-settings_pr_773/codex_cli/naming/rep_1/result.json,runs/pydantic-settings/pydantic-settings_pr_773/codex_cli/naming/rep_1/metrics.json,2026-04-28T04:52:32.050539+00:00,runs/pydantic-settings/pydantic-settings_pr_773/codex_cli/naming/rep_1/logs/agent_stdout.log,True,96,0,27,True,11,25,3,8,0,5,8,0,8,4,5,5,2,0.1388888888888889,0.5
pydantic-settings,pydantic/pydantic-settings,pydantic-settings_pr_773,type_hints,FAIL,oracle_fail,4,6,2,11,11,0,focal_failure,324.0666880607605,19.99971890449524,344.06640696525574,4,8,0.5,1233678,82830,1222655,1150848,11023,runs/pydantic-settings/pydantic-settings_pr_773/codex_cli/type_hints/rep_1/result.json,runs/pydantic-settings/pydantic-settings_pr_773/codex_cli/type_hints/rep_1/metrics.json,2026-04-28T04:47:42.903270+00:00,runs/pydantic-settings/pydantic-settings_pr_773/codex_cli/type_hints/rep_1/logs/agent_stdout.log,True,93,0,47,True,18,14,3,7,0,5,5,1,4,2,5,3,2,0.15625,0.4
pydantic-settings,pydantic/pydantic-settings,pydantic-settings_pr_773,comments_docstrings,FAIL,oracle_fail,4,6,2,11,11,0,focal_failure,237.26245951652527,26.0414297580719,263.3038892745972,3,5,0.6,730394,113946,720254,616448,10140,runs/pydantic-settings/pydantic-settings_pr_773/codex_cli/comments_docstrings/rep_1/result.json,runs/pydantic-settings/pydantic-settings_pr_773/codex_cli/comments_docstrings/rep_1/metrics.json,2026-04-28T04:56:55.406202+00:00,runs/pydantic-settings/pydantic-settings_pr_773/codex_cli/comments_docstrings/rep_1/logs/agent_stdout.log,True,82,0,31,True,13,14,3,8,0,7,5,0,5,1,1,3,1,0.037037037037037035,0.2
pydantic-settings,pydantic/pydantic-settings,pydantic-settings_pr_773,remove_tests,SUCCESS,oracle_pass,6,6,0,11,11,0,success,223.88838601112369,24.068541049957275,247.95692706108093,3,9,0.4444,1150714,84602,1141235,1066112,9479,runs/pydantic-settings/pydantic-settings_pr_773/codex_cli/remove_tests/rep_1/result.json,runs/pydantic-settings/pydantic-settings_pr_773/codex_cli/remove_tests/rep_1/metrics.json,2026-04-28T05:01:03.400632+00:00,runs/pydantic-settings/pydantic-settings_pr_773/codex_cli/remove_tests/rep_1/logs/agent_stdout.log,True,107,0,34,True,11,29,4,6,0,4,7,0,7,2,7,6,2,0.175,0.2857142857142857
pydantic-settings,pydantic/pydantic-settings,pydantic-settings_pr_780,clean,SUCCESS,oracle_pass,1,1,0,188,188,0,success,332.30316066741943,24.375491857528687,356.6786525249481,3,3,1.0,1666143,119647,1654108,1546496,12035,runs/pydantic-settings/pydantic-settings_pr_780/codex_cli/clean/rep_1/result.json,runs/pydantic-settings/pydantic-settings_pr_780/codex_cli/clean/rep_1/metrics.json,2026-04-28T05:08:30.242974+00:00,runs/pydantic-settings/pydantic-settings_pr_780/codex_cli/clean/rep_1/logs/agent_stdout.log,True,129,0,35,True,15,35,3,7,0,8,13,0,13,5,6,10,4,0.12,0.38461538461538464
pydantic-settings,pydantic/pydantic-settings,pydantic-settings_pr_780,naming,FAIL,oracle_fail,0,1,1,4,188,184,focal_and_regression_failure,359.3904016017914,105.56955122947691,464.9599528312683,3,3,1.0,1890931,131315,1876076,1759616,14855,runs/pydantic-settings/pydantic-settings_pr_780/codex_cli/naming/rep_1/result.json,runs/pydantic-settings/pydantic-settings_pr_780/codex_cli/naming/rep_1/metrics.json,2026-04-28T05:21:29.487252+00:00,runs/pydantic-settings/pydantic-settings_pr_780/codex_cli/naming/rep_1/logs/agent_stdout.log,True,141,0,44,True,19,39,4,4,0,7,3,1,2,3,4,2,3,0.06896551724137931,1.0
pydantic-settings,pydantic/pydantic-settings,pydantic-settings_pr_780,type_hints,SUCCESS,oracle_pass,1,1,0,188,188,0,success,293.8163163661957,20.391963958740234,314.2082803249359,3,3,1.0,1349725,156765,1337632,1192960,12093,runs/pydantic-settings/pydantic-settings_pr_780/codex_cli/type_hints/rep_1/result.json,runs/pydantic-settings/pydantic-settings_pr_780/codex_cli/type_hints/rep_1/metrics.json,2026-04-28T05:13:44.490796+00:00,runs/pydantic-settings/pydantic-settings_pr_780/codex_cli/type_hints/rep_1/logs/agent_stdout.log,True,112,0,28,True,11,30,4,7,0,8,9,0,9,4,7,7,3,0.17073170731707318,0.4444444444444444
pydantic-settings,pydantic/pydantic-settings,pydantic-settings_pr_780,comments_docstrings,SUCCESS,oracle_pass,1,1,0,188,188,0,success,365.57532238960266,25.721062898635864,391.2963852882385,3,3,1.0,1855461,104677,1841400,1750784,14061,runs/pydantic-settings/pydantic-settings_pr_780/codex_cli/comments_docstrings/rep_1/result.json,runs/pydantic-settings/pydantic-settings_pr_780/codex_cli/comments_docstrings/rep_1/metrics.json,2026-04-28T05:28:00.821941+00:00,runs/pydantic-settings/pydantic-settings_pr_780/codex_cli/comments_docstrings/rep_1/logs/agent_stdout.log,True,138,0,31,True,13,39,3,6,0,11,14,0,14,6,8,13,6,0.15384615384615385,0.42857142857142855
pydantic-settings,pydantic/pydantic-settings,pydantic-settings_pr_780,remove_tests,SUCCESS,oracle_pass,1,1,0,188,188,0,success,340.3230216503144,24.412989616394043,364.7360112667084,3,3,1.0,1454550,73942,1440071,1380608,14479,runs/pydantic-settings/pydantic-settings_pr_780/codex_cli/remove_tests/rep_1/result.json,runs/pydantic-settings/pydantic-settings_pr_780/codex_cli/remove_tests/rep_1/metrics.json,2026-04-28T05:34:05.594846+00:00,runs/pydantic-settings/pydantic-settings_pr_780/codex_cli/remove_tests/rep_1/logs/agent_stdout.log,True,119,0,29,True,12,31,3,7,0,10,10,1,9,4,8,6,3,0.18604651162790697,0.4
starlette,encode/starlette,starlette_pr_2194,clean,SUCCESS,oracle_pass,1,1,0,5,5,0,success,170.82303166389465,16.81852698326111,187.64155864715576,2,4,0.5,421530,36378,413816,385152,7714,comparison_slices/starlette_pr_2194_codex_clean/runs/starlette/starlette_pr_2194/codex_cli/clean/rep_1/result.json,comparison_slices/starlette_pr_2194_codex_clean/runs/starlette/starlette_pr_2194/codex_cli/clean/rep_1/metrics.json,2026-04-23T17:24:21.456149+00:00,comparison_slices/starlette_pr_2194_codex_clean/runs/starlette/starlette_pr_2194/codex_cli/clean/rep_1/logs/agent_stdout.log,True,47,0,35,True,16,3,0,1,0,1,2,2,0,2,3,0,2,0.15789473684210525,1.0
starlette,encode/starlette,starlette_pr_2194,naming,SUCCESS,oracle_pass,1,1,0,5,5,0,success,379.3371458053589,20.340819358825684,399.67796516418457,3,4,0.75,1087248,82192,1069977,1005056,17271,comparison_slices/starlette_pr_2194_codex_naming_retry/runs/starlette/starlette_pr_2194/codex_cli/naming/rep_1/result.json,comparison_slices/starlette_pr_2194_codex_naming_retry/runs/starlette/starlette_pr_2194/codex_cli/naming/rep_1/metrics.json,2026-04-23T17:34:15.062982+00:00,comparison_slices/starlette_pr_2194_codex_naming_retry/runs/starlette/starlette_pr_2194/codex_cli/naming/rep_1/logs/agent_stdout.log,True,80,0,45,True,20,13,0,1,0,2,3,3,0,3,6,0,3,0.18181818181818182,1.0
starlette,encode/starlette,starlette_pr_2194,type_hints,SUCCESS,oracle_pass,1,1,0,5,5,0,success,171.41676807403564,16.16148066520691,187.57824873924253,1,2,1.0,443910,51206,436917,392704,6993,comparison_slices/rq1_initial_matrix_missing/runs/starlette/starlette_pr_2194/codex_cli/type_hints/rep_1/result.json,comparison_slices/rq1_initial_matrix_missing/runs/starlette/starlette_pr_2194/codex_cli/type_hints/rep_1/metrics.json,2026-04-23T21:25:59.243096+00:00,comparison_slices/rq1_initial_matrix_missing/runs/starlette/starlette_pr_2194/codex_cli/type_hints/rep_1/logs/agent_stdout.log,True,66,0,25,True,9,11,5,4,0,1,5,1,4,5,7,0,1,0.35,1.0
starlette,encode/starlette,starlette_pr_2194,comments_docstrings,SUCCESS,oracle_pass,1,1,0,5,5,0,success,216.0727274417877,16.425071001052856,232.49779844284055,1,2,1.0,529271,107383,520132,421888,9139,comparison_slices/rq1_initial_matrix_missing/runs/starlette/starlette_pr_2194/codex_cli/comments_docstrings/rep_1/result.json,comparison_slices/rq1_initial_matrix_missing/runs/starlette/starlette_pr_2194/codex_cli/comments_docstrings/rep_1/metrics.json,2026-04-23T21:29:51.766392+00:00,comparison_slices/rq1_initial_matrix_missing/runs/starlette/starlette_pr_2194/codex_cli/comments_docstrings/rep_1/logs/agent_stdout.log,True,67,0,46,True,19,7,6,4,0,1,6,6,0,6,7,0,6,0.2692307692307692,1.0
starlette,encode/starlette,starlette_pr_2194,remove_tests,SUCCESS,oracle_pass,1,1,0,5,5,0,success,110.4101676940918,16.228739976882935,126.63890767097472,1,5,0.2,263354,36282,258340,227072,5014,comparison_slices/rq1_initial_matrix_missing/runs/starlette/starlette_pr_2194/codex_cli/remove_tests/rep_1/result.json,comparison_slices/rq1_initial_matrix_missing/runs/starlette/starlette_pr_2194/codex_cli/remove_tests/rep_1/metrics.json,2026-04-23T21:31:58.428354+00:00,comparison_slices/rq1_initial_matrix_missing/runs/starlette/starlette_pr_2194/codex_cli/remove_tests/rep_1/logs/agent_stdout.log,True,46,0,23,True,9,8,3,4,0,1,3,0,3,3,4,0,0,0.23529411764705882,1.0
starlette,encode/starlette,starlette_pr_2400,clean,SUCCESS,oracle_pass,1,1,0,24,24,0,success,314.5096733570099,15.55827021598816,330.06794357299805,6,11,0.7273,1273441,142049,1261351,1131392,12090,comparison_slices/rq1_initial_matrix_missing/runs/starlette/starlette_pr_2400/codex_cli/clean/rep_1/result.json,comparison_slices/rq1_initial_matrix_missing/runs/starlette/starlette_pr_2400/codex_cli/clean/rep_1/metrics.json,2026-04-23T21:37:28.512119+00:00,comparison_slices/rq1_initial_matrix_missing/runs/starlette/starlette_pr_2400/codex_cli/clean/rep_1/logs/agent_stdout.log,True,148,0,62,True,23,26,4,3,0,9,9,3,6,9,9,6,9,0.1836734693877551,1.0
starlette,encode/starlette,starlette_pr_2400,naming,FAIL,oracle_fail,1,1,0,16,24,8,regression_failure,270.3760633468628,29.006654739379883,299.3827180862427,5,8,0.75,1160862,126622,1150379,1034240,10483,comparison_slices/rq1_initial_matrix_missing/runs/starlette/starlette_pr_2400/codex_cli/naming/rep_1/result.json,comparison_slices/rq1_initial_matrix_missing/runs/starlette/starlette_pr_2400/codex_cli/naming/rep_1/metrics.json,2026-04-23T21:50:32.285332+00:00,comparison_slices/rq1_initial_matrix_missing/runs/starlette/starlette_pr_2400/codex_cli/naming/rep_1/logs/agent_stdout.log,True,109,0,57,True,25,19,5,3,0,5,6,5,1,6,6,0,5,0.13636363636363635,1.0
starlette,encode/starlette,starlette_pr_2400,type_hints,SUCCESS,oracle_pass,1,1,0,24,24,0,success,464.7845053672791,19.52681875228882,484.3113241195679,6,6,0.8333,1985986,183106,1967474,1802880,18512,comparison_slices/rq1_initial_matrix_missing/runs/starlette/starlette_pr_2400/codex_cli/type_hints/rep_1/result.json,comparison_slices/rq1_initial_matrix_missing/runs/starlette/starlette_pr_2400/codex_cli/type_hints/rep_1/metrics.json,2026-04-23T21:45:32.867093+00:00,comparison_slices/rq1_initial_matrix_missing/runs/starlette/starlette_pr_2400/codex_cli/type_hints/rep_1/logs/agent_stdout.log,True,184,0,38,True,16,50,4,5,0,10,5,2,3,5,6,2,4,0.09090909090909091,1.0
starlette,encode/starlette,starlette_pr_2400,comments_docstrings,SUCCESS,oracle_pass,1,1,0,24,24,0,success,360.5862419605255,16.270506858825684,376.8567488193512,5,9,0.8889,1338747,179067,1324501,1159680,14246,comparison_slices/rq1_initial_matrix_missing/runs/starlette/starlette_pr_2400/codex_cli/comments_docstrings/rep_1/result.json,comparison_slices/rq1_initial_matrix_missing/runs/starlette/starlette_pr_2400/codex_cli/comments_docstrings/rep_1/metrics.json,2026-04-23T21:56:49.183953+00:00,comparison_slices/rq1_initial_matrix_missing/runs/starlette/starlette_pr_2400/codex_cli/comments_docstrings/rep_1/logs/agent_stdout.log,True,102,0,39,True,17,26,3,3,0,2,5,1,4,4,6,4,4,0.13953488372093023,0.8
starlette,encode/starlette,starlette_pr_2400,remove_tests,SUCCESS,oracle_pass,1,1,0,24,24,0,success,314.99732971191406,34.9128155708313,349.91014528274536,6,7,0.8571,1458760,153288,1446703,1305472,12057,comparison_slices/rq1_initial_matrix_missing/runs/starlette/starlette_pr_2400/codex_cli/remove_tests/rep_1/result.json,comparison_slices/rq1_initial_matrix_missing/runs/starlette/starlette_pr_2400/codex_cli/remove_tests/rep_1/metrics.json,2026-04-23T22:02:39.135076+00:00,comparison_slices/rq1_initial_matrix_missing/runs/starlette/starlette_pr_2400/codex_cli/remove_tests/rep_1/logs/agent_stdout.log,True,118,0,59,True,16,19,3,3,0,8,4,0,4,4,7,0,0,0.2,1.0
starlette,encode/starlette,starlette_pr_2422,clean,FAIL,oracle_fail,0,1,1,4,4,0,focal_miss,93.5149552822113,15.588958978652954,109.10391426086426,2,3,0.6667,282759,22663,279216,260096,3543,comparison_slices/starlette_pr_2422_codex_clean/runs/starlette/starlette_pr_2422/codex_cli/clean/rep_1/result.json,comparison_slices/starlette_pr_2422_codex_clean/runs/starlette/starlette_pr_2422/codex_cli/clean/rep_1/metrics.json,2026-04-23T06:28:15.792538+00:00,comparison_slices/starlette_pr_2422_codex_clean/runs/starlette/starlette_pr_2422/codex_cli/clean/rep_1/logs/agent_stdout.log,True,42,0,15,True,6,9,0,1,0,2,6,0,6,4,4,0,0,0.26666666666666666,0.6666666666666666
starlette,encode/starlette,starlette_pr_2422,naming,FAIL,oracle_fail,1,1,0,2,4,2,regression_failure,118.55598735809326,23.93049120903015,142.4864785671234,2,4,0.5,316088,31800,312032,284288,4056,comparison_slices/rq1_initial_matrix_missing/runs/starlette/starlette_pr_2422/codex_cli/naming/rep_1/result.json,comparison_slices/rq1_initial_matrix_missing/runs/starlette/starlette_pr_2422/codex_cli/naming/rep_1/metrics.json,2026-04-23T22:06:58.540116+00:00,comparison_slices/rq1_initial_matrix_missing/runs/starlette/starlette_pr_2422/codex_cli/naming/rep_1/logs/agent_stdout.log,True,47,0,13,True,4,12,3,5,0,2,6,0,6,5,5,0,0,0.3125,0.8333333333333334
starlette,encode/starlette,starlette_pr_2422,type_hints,SUCCESS,oracle_pass,1,1,0,4,4,0,success,90.81775546073914,25.976646661758423,116.79440212249756,2,3,0.6667,255631,45327,252222,210304,3409,comparison_slices/rq1_initial_matrix_missing/runs/starlette/starlette_pr_2422/codex_cli/type_hints/rep_1/result.json,comparison_slices/rq1_initial_matrix_missing/runs/starlette/starlette_pr_2422/codex_cli/type_hints/rep_1/metrics.json,2026-04-23T22:04:35.992062+00:00,comparison_slices/rq1_initial_matrix_missing/runs/starlette/starlette_pr_2422/codex_cli/type_hints/rep_1/logs/agent_stdout.log,True,44,0,13,True,4,10,3,6,0,2,6,0,6,5,5,0,0,0.35714285714285715,0.8333333333333334
starlette,encode/starlette,starlette_pr_2422,comments_docstrings,SUCCESS,oracle_pass,1,1,0,4,4,0,success,95.69334840774536,33.04368329048157,128.73703169822693,2,2,1.0,269252,25668,265187,243584,4065,comparison_slices/rq1_initial_matrix_missing/runs/starlette/starlette_pr_2422/codex_cli/comments_docstrings/rep_1/result.json,comparison_slices/rq1_initial_matrix_missing/runs/starlette/starlette_pr_2422/codex_cli/comments_docstrings/rep_1/metrics.json,2026-04-23T22:09:07.338659+00:00,comparison_slices/rq1_initial_matrix_missing/runs/starlette/starlette_pr_2422/codex_cli/comments_docstrings/rep_1/logs/agent_stdout.log,True,48,0,15,True,5,12,3,4,0,2,7,1,6,6,6,0,1,0.35294117647058826,0.8571428571428571
starlette,encode/starlette,starlette_pr_2422,remove_tests,SUCCESS,oracle_pass,1,1,0,4,4,0,success,116.808043718338,35.11861753463745,151.92666125297546,2,4,0.5,213314,71746,208506,141568,4808,comparison_slices/rq1_initial_matrix_missing/runs/starlette/starlette_pr_2422/codex_cli/remove_tests/rep_1/result.json,comparison_slices/rq1_initial_matrix_missing/runs/starlette/starlette_pr_2422/codex_cli/remove_tests/rep_1/metrics.json,2026-04-23T22:11:39.324808+00:00,comparison_slices/rq1_initial_matrix_missing/runs/starlette/starlette_pr_2422/codex_cli/remove_tests/rep_1/logs/agent_stdout.log,True,49,0,23,True,9,9,3,5,0,1,4,1,3,2,4,0,0,0.2222222222222222,0.5
structlog,hynek/structlog,structlog_pr_483,clean,SUCCESS,oracle_pass,2,2,0,57,57,0,success,114.63639307022096,11.115114450454712,125.75150752067566,2,4,0.5,255246,53902,251207,201344,4039,runs/structlog/structlog_pr_483/codex_cli/clean/rep_1/result.json,runs/structlog/structlog_pr_483/codex_cli/clean/rep_1/metrics.json,2026-04-28T03:07:48.209078+00:00,runs/structlog/structlog_pr_483/codex_cli/clean/rep_1/logs/agent_stdout.log,True,48,0,23,True,9,7,3,6,0,2,3,0,3,1,1,0,0,0.0625,0.3333333333333333
structlog,hynek/structlog,structlog_pr_483,naming,SUCCESS,oracle_pass,2,2,0,57,57,0,success,198.31921100616452,11.480343103408812,209.79955410957336,2,6,0.3333,868719,109935,861431,758784,7288,runs/structlog/structlog_pr_483/codex_cli/naming/rep_1/result.json,runs/structlog/structlog_pr_483/codex_cli/naming/rep_1/metrics.json,2026-04-28T03:13:25.132992+00:00,runs/structlog/structlog_pr_483/codex_cli/naming/rep_1/logs/agent_stdout.log,True,91,0,31,True,13,22,3,7,0,4,7,0,7,5,6,5,4,0.17142857142857143,0.7142857142857143
structlog,hynek/structlog,structlog_pr_483,type_hints,SUCCESS,oracle_pass,2,2,0,57,57,0,success,116.53746485710144,10.521503925323486,127.05896878242493,2,4,0.5,461522,64978,456680,396544,4842,runs/structlog/structlog_pr_483/codex_cli/type_hints/rep_1/result.json,runs/structlog/structlog_pr_483/codex_cli/type_hints/rep_1/metrics.json,2026-04-28T03:09:55.300832+00:00,runs/structlog/structlog_pr_483/codex_cli/type_hints/rep_1/logs/agent_stdout.log,True,61,0,27,True,11,11,3,5,0,3,6,1,5,3,3,3,3,0.13636363636363635,0.5
structlog,hynek/structlog,structlog_pr_483,comments_docstrings,SUCCESS,oracle_pass,2,2,0,57,57,0,success,213.64837050437927,9.909294843673706,223.55766534805295,2,4,0.5,855063,84119,847561,770944,7502,runs/structlog/structlog_pr_483/codex_cli/comments_docstrings/rep_1/result.json,runs/structlog/structlog_pr_483/codex_cli/comments_docstrings/rep_1/metrics.json,2026-04-28T03:17:08.722441+00:00,runs/structlog/structlog_pr_483/codex_cli/comments_docstrings/rep_1/logs/agent_stdout.log,True,88,0,25,True,10,25,3,6,0,3,7,0,7,2,5,5,2,0.14285714285714285,0.2857142857142857
structlog,hynek/structlog,structlog_pr_483,remove_tests,SUCCESS,oracle_pass,2,2,0,57,57,0,success,155.41586875915527,9.749492645263672,165.16536140441897,2,7,0.2857,713720,76408,707178,637312,6542,runs/structlog/structlog_pr_483/codex_cli/remove_tests/rep_1/result.json,runs/structlog/structlog_pr_483/codex_cli/remove_tests/rep_1/metrics.json,2026-04-28T03:19:53.915776+00:00,runs/structlog/structlog_pr_483/codex_cli/remove_tests/rep_1/logs/agent_stdout.log,True,83,0,40,True,17,17,4,4,0,2,6,1,5,3,5,0,0,0.14705882352941177,0.5
structlog,hynek/structlog,structlog_pr_489,clean,SUCCESS,oracle_pass,2,2,0,32,32,0,success,772.377997636795,10.561338901519775,782.9393365383148,1,5,0.4,1603929,106201,1588067,1497728,15862,runs/structlog/structlog_pr_489/codex_cli/clean/rep_1/result.json,runs/structlog/structlog_pr_489/codex_cli/clean/rep_1/metrics.json,2026-04-28T03:32:56.872353+00:00,runs/structlog/structlog_pr_489/codex_cli/clean/rep_1/logs/agent_stdout.log,True,116,0,27,True,11,36,3,8,0,3,12,0,12,6,18,8,4,0.3829787234042553,0.5
structlog,hynek/structlog,structlog_pr_489,naming,SUCCESS,oracle_pass,2,2,0,32,32,0,success,405.9712426662445,10.758101224899292,416.7293438911438,2,6,0.3333,1547079,111047,1535885,1436032,11194,runs/structlog/structlog_pr_489/codex_cli/naming/rep_1/result.json,runs/structlog/structlog_pr_489/codex_cli/naming/rep_1/metrics.json,2026-04-28T03:49:21.725714+00:00,runs/structlog/structlog_pr_489/codex_cli/naming/rep_1/logs/agent_stdout.log,True,86,0,21,True,8,25,3,6,0,2,6,0,6,2,2,3,1,0.06060606060606061,0.3333333333333333
structlog,hynek/structlog,structlog_pr_489,type_hints,SUCCESS,oracle_pass,2,2,0,32,32,0,success,557.5453581809998,10.521356582641602,568.0667147636414,1,4,0.5,971797,100245,962451,871552,9346,runs/structlog/structlog_pr_489/codex_cli/type_hints/rep_1/result.json,runs/structlog/structlog_pr_489/codex_cli/type_hints/rep_1/metrics.json,2026-04-28T03:42:24.964852+00:00,runs/structlog/structlog_pr_489/codex_cli/type_hints/rep_1/logs/agent_stdout.log,True,89,0,39,True,15,19,6,5,0,2,8,2,6,3,10,2,2,0.29411764705882354,0.375
structlog,hynek/structlog,structlog_pr_489,comments_docstrings,FAIL,oracle_fail,0,2,2,32,32,0,focal_failure,554.5957615375519,10.984418869018556,565.5801804065704,1,5,0.4,1245190,108934,1232937,1136256,12253,runs/structlog/structlog_pr_489/codex_cli/comments_docstrings/rep_1/result.json,runs/structlog/structlog_pr_489/codex_cli/comments_docstrings/rep_1/metrics.json,2026-04-28T03:58:47.335813+00:00,runs/structlog/structlog_pr_489/codex_cli/comments_docstrings/rep_1/logs/agent_stdout.log,True,104,0,73,True,31,12,6,2,0,2,10,6,4,6,13,3,6,0.3023255813953488,0.6
structlog,hynek/structlog,structlog_pr_489,remove_tests,SUCCESS,oracle_pass,2,2,0,32,32,0,success,268.7243676185608,9.620289087295532,278.3446567058563,1,6,0.1667,1028728,128632,1020392,900096,8336,runs/structlog/structlog_pr_489/codex_cli/remove_tests/rep_1/result.json,runs/structlog/structlog_pr_489/codex_cli/remove_tests/rep_1/metrics.json,2026-04-28T04:03:25.710179+00:00,runs/structlog/structlog_pr_489/codex_cli/remove_tests/rep_1/logs/agent_stdout.log,True,87,0,28,True,11,22,4,5,0,1,3,0,3,3,9,0,0,0.2727272727272727,1.0
structlog,hynek/structlog,structlog_pr_713,clean,SUCCESS,oracle_pass,1,1,0,91,91,0,success,123.92041802406312,12.055251836776732,135.97566986083984,2,4,0.5,308095,71807,303755,236288,4340,runs/structlog/structlog_pr_713/codex_cli/clean/rep_1/result.json,runs/structlog/structlog_pr_713/codex_cli/clean/rep_1/metrics.json,2026-04-28T02:48:12.834691+00:00,runs/structlog/structlog_pr_713/codex_cli/clean/rep_1/logs/agent_stdout.log,True,53,0,17,True,6,13,3,5,0,2,3,0,3,2,3,0,0,0.15789473684210525,0.6666666666666666
structlog,hynek/structlog,structlog_pr_713,naming,SUCCESS,oracle_pass,1,1,0,91,91,0,success,117.74404287338255,11.50971269607544,129.253755569458,2,3,0.6667,352033,59553,347014,292480,5019,runs/structlog/structlog_pr_713/codex_cli/naming/rep_1/result.json,runs/structlog/structlog_pr_713/codex_cli/naming/rep_1/metrics.json,2026-04-28T02:53:13.234969+00:00,runs/structlog/structlog_pr_713/codex_cli/naming/rep_1/logs/agent_stdout.log,True,64,0,13,True,4,21,3,4,0,2,7,0,7,6,6,6,5,0.24,0.8571428571428571
structlog,hynek/structlog,structlog_pr_713,type_hints,SUCCESS,oracle_pass,1,1,0,91,91,0,success,158.79780268669128,12.268521070480348,171.06632375717163,2,2,1.0,343526,52198,338810,291328,4716,runs/structlog/structlog_pr_713/codex_cli/type_hints/rep_1/result.json,runs/structlog/structlog_pr_713/codex_cli/type_hints/rep_1/metrics.json,2026-04-28T02:51:03.942467+00:00,runs/structlog/structlog_pr_713/codex_cli/type_hints/rep_1/logs/agent_stdout.log,True,52,0,15,True,5,13,3,6,0,2,4,0,4,3,5,1,1,0.2777777777777778,0.75
structlog,hynek/structlog,structlog_pr_713,comments_docstrings,SUCCESS,oracle_pass,1,1,0,91,91,0,success,98.08252739906312,12.01246953010559,110.0949969291687,2,3,0.6667,226716,26396,223338,200320,3378,runs/structlog/structlog_pr_713/codex_cli/comments_docstrings/rep_1/result.json,runs/structlog/structlog_pr_713/codex_cli/comments_docstrings/rep_1/metrics.json,2026-04-28T02:55:03.361506+00:00,runs/structlog/structlog_pr_713/codex_cli/comments_docstrings/rep_1/logs/agent_stdout.log,True,41,0,23,True,8,5,5,3,0,2,3,1,2,3,3,0,1,0.23076923076923078,1.0
structlog,hynek/structlog,structlog_pr_713,remove_tests,SUCCESS,oracle_pass,1,1,0,91,91,0,success,629.3524851799011,9.682495832443236,639.0349810123444,2,2,1.0,993992,57416,985417,936576,8575,runs/structlog/structlog_pr_713/codex_cli/remove_tests/rep_1/result.json,runs/structlog/structlog_pr_713/codex_cli/remove_tests/rep_1/metrics.json,2026-04-28T03:05:42.438489+00:00,runs/structlog/structlog_pr_713/codex_cli/remove_tests/rep_1/logs/agent_stdout.log,True,90,0,25,True,10,22,3,11,0,4,8,0,8,3,7,7,3,0.21875,0.375
uvicorn,encode/uvicorn,uvicorn_pr_2183,clean,SUCCESS,oracle_pass,8,8,0,0,0,0,success,341.69465351104736,120.4415957927704,462.13624930381775,6,8,0.5,1279638,127638,1267135,1152000,12503,runs/uvicorn/uvicorn_pr_2183/codex_cli/clean/rep_1/result.json,runs/uvicorn/uvicorn_pr_2183/codex_cli/clean/rep_1/metrics.json,2026-04-27T17:24:29.357577+00:00,runs/uvicorn/uvicorn_pr_2183/codex_cli/clean/rep_1/logs/agent_stdout.log,True,106,0,39,True,13,18,3,4,0,5,4,0,4,1,3,3,1,0.0967741935483871,0.25
uvicorn,encode/uvicorn,uvicorn_pr_2183,naming,FAIL,oracle_fail,7,8,1,0,0,0,fail_to_pass_failed,253.20505237579343,58.33126139640808,311.53631377220154,3,3,0.6667,1159601,96689,1150367,1062912,9234,runs/uvicorn/uvicorn_pr_2183/codex_cli/naming/rep_1/result.json,runs/uvicorn/uvicorn_pr_2183/codex_cli/naming/rep_1/metrics.json,2026-04-27T18:10:50.051606+00:00,runs/uvicorn/uvicorn_pr_2183/codex_cli/naming/rep_1/logs/agent_stdout.log,True,91,0,40,True,17,16,3,5,0,5,6,0,6,2,3,4,2,0.09090909090909091,0.3333333333333333
uvicorn,encode/uvicorn,uvicorn_pr_2183,type_hints,SUCCESS,oracle_pass,8,8,0,0,0,0,success,271.3193984031677,36.75290060043335,308.0722990036011,3,5,0.4,1247599,145135,1237915,1102464,9684,runs/uvicorn/uvicorn_pr_2183/codex_cli/type_hints/rep_1/result.json,runs/uvicorn/uvicorn_pr_2183/codex_cli/type_hints/rep_1/metrics.json,2026-04-27T17:29:37.523587+00:00,runs/uvicorn/uvicorn_pr_2183/codex_cli/type_hints/rep_1/logs/agent_stdout.log,True,88,0,46,True,20,15,4,5,0,3,6,0,6,3,5,0,0,0.14285714285714285,0.5
uvicorn,encode/uvicorn,uvicorn_pr_2183,comments_docstrings,SUCCESS,oracle_pass,8,8,0,0,0,0,success,280.6297857761383,34.942453145980835,315.57223892211914,3,6,0.6667,1528828,148988,1517767,1379840,11061,runs/uvicorn/uvicorn_pr_2183/codex_cli/comments_docstrings/rep_1/result.json,runs/uvicorn/uvicorn_pr_2183/codex_cli/comments_docstrings/rep_1/metrics.json,2026-04-27T17:44:29.717613+00:00,runs/uvicorn/uvicorn_pr_2183/codex_cli/comments_docstrings/rep_1/logs/agent_stdout.log,True,119,0,36,True,11,20,4,6,0,5,6,0,6,2,5,4,2,0.16129032258064516,0.3333333333333333
uvicorn,encode/uvicorn,uvicorn_pr_2183,remove_tests,SUCCESS,oracle_pass,8,8,0,0,0,0,success,361.3264970779419,35.236624240875244,396.56312131881714,5,7,0.4286,2036306,126674,2023946,1909632,12360,runs/uvicorn/uvicorn_pr_2183/codex_cli/remove_tests/rep_1/result.json,runs/uvicorn/uvicorn_pr_2183/codex_cli/remove_tests/rep_1/metrics.json,2026-04-27T17:51:06.304143+00:00,runs/uvicorn/uvicorn_pr_2183/codex_cli/remove_tests/rep_1/logs/agent_stdout.log,True,131,0,52,True,15,24,4,4,0,8,3,0,3,3,6,3,3,0.15384615384615385,1.0
uvicorn,encode/uvicorn,uvicorn_pr_2561,clean,SUCCESS,oracle_pass,2,2,0,4,4,0,success,129.65555691719055,9.299823999404907,138.95538091659546,7,8,0.875,270289,35153,264579,235136,5710,runs/uvicorn/uvicorn_pr_2561/codex_cli/clean/rep_1/result.json,runs/uvicorn/uvicorn_pr_2561/codex_cli/clean/rep_1/metrics.json,2026-04-27T17:53:25.274710+00:00,runs/uvicorn/uvicorn_pr_2561/codex_cli/clean/rep_1/logs/agent_stdout.log,True,49,0,27,True,10,6,5,3,0,3,5,3,2,2,2,0,2,0.125,0.4
uvicorn,encode/uvicorn,uvicorn_pr_2561,naming,FAIL,oracle_fail,1,2,1,4,4,0,fail_to_pass_failed,185.2432940006256,15.104130506515505,200.3474245071411,7,8,0.875,530344,75176,522362,455168,7982,runs/uvicorn/uvicorn_pr_2561/codex_cli/naming/rep_1/result.json,runs/uvicorn/uvicorn_pr_2561/codex_cli/naming/rep_1/metrics.json,2026-04-27T17:59:37.895109+00:00,runs/uvicorn/uvicorn_pr_2561/codex_cli/naming/rep_1/logs/agent_stdout.log,True,73,0,22,True,8,16,4,6,0,6,5,0,5,2,2,4,2,0.08333333333333333,0.4
uvicorn,encode/uvicorn,uvicorn_pr_2561,type_hints,SUCCESS,oracle_pass,2,2,0,4,4,0,success,162.24609565734863,9.946099996566772,172.1921956539154,6,8,0.875,389116,42236,382349,346880,6767,runs/uvicorn/uvicorn_pr_2561/codex_cli/type_hints/rep_1/result.json,runs/uvicorn/uvicorn_pr_2561/codex_cli/type_hints/rep_1/metrics.json,2026-04-27T17:56:17.507955+00:00,runs/uvicorn/uvicorn_pr_2561/codex_cli/type_hints/rep_1/logs/agent_stdout.log,True,67,0,38,True,16,10,4,6,0,1,3,0,3,1,3,0,0,0.11538461538461539,0.3333333333333333
uvicorn,encode/uvicorn,uvicorn_pr_2561,comments_docstrings,SUCCESS,oracle_pass,2,2,0,4,4,0,success,111.62914633750916,9.506195306777954,121.13534164428712,2,6,0.6667,348081,31025,343780,317056,4301,runs/uvicorn/uvicorn_pr_2561/codex_cli/comments_docstrings/rep_1/result.json,runs/uvicorn/uvicorn_pr_2561/codex_cli/comments_docstrings/rep_1/metrics.json,2026-04-27T18:01:39.071326+00:00,runs/uvicorn/uvicorn_pr_2561/codex_cli/comments_docstrings/rep_1/logs/agent_stdout.log,True,54,0,25,True,10,9,3,4,0,3,2,0,2,1,2,0,0,0.10526315789473684,0.5
uvicorn,encode/uvicorn,uvicorn_pr_2561,remove_tests,SUCCESS,oracle_pass,2,2,0,4,4,0,success,214.2122187614441,9.348941564559937,223.56116032600403,7,11,0.6364,565165,83757,556779,481408,8386,runs/uvicorn/uvicorn_pr_2561/codex_cli/remove_tests/rep_1/result.json,runs/uvicorn/uvicorn_pr_2561/codex_cli/remove_tests/rep_1/metrics.json,2026-04-27T18:05:22.667639+00:00,runs/uvicorn/uvicorn_pr_2561/codex_cli/remove_tests/rep_1/logs/agent_stdout.log,True,81,0,41,True,18,14,3,5,0,3,4,0,4,2,4,2,1,0.125,0.5
uvicorn,encode/uvicorn,uvicorn_pr_2829,clean,SUCCESS,oracle_pass,4,4,0,166,166,0,success,243.37826204299927,10.033774614334106,253.41203665733337,3,4,0.75,1040148,113684,1029986,926464,10162,runs/uvicorn/uvicorn_pr_2829/codex_cli/clean/rep_1/result.json,runs/uvicorn/uvicorn_pr_2829/codex_cli/clean/rep_1/metrics.json,2026-04-27T16:55:35.214505+00:00,runs/uvicorn/uvicorn_pr_2829/codex_cli/clean/rep_1/logs/agent_stdout.log,True,86,0,23,True,9,22,3,6,0,6,9,0,9,5,5,8,5,0.16129032258064516,0.5555555555555556
uvicorn,encode/uvicorn,uvicorn_pr_2829,naming,SUCCESS,oracle_pass,4,4,0,166,166,0,success,412.85958075523376,86.37034606933594,499.2299268245697,3,7,0.5714,2255361,120577,2237390,2134784,17971,runs/uvicorn/uvicorn_pr_2829/codex_cli/naming/rep_1/result.json,runs/uvicorn/uvicorn_pr_2829/codex_cli/naming/rep_1/metrics.json,2026-04-27T17:07:59.565792+00:00,runs/uvicorn/uvicorn_pr_2829/codex_cli/naming/rep_1/logs/agent_stdout.log,True,114,0,35,True,15,27,3,8,0,8,8,0,8,6,9,6,5,0.21428571428571427,0.75
uvicorn,encode/uvicorn,uvicorn_pr_2829,type_hints,FAIL,oracle_fail,0,4,4,166,166,0,fail_to_pass_failed,226.0638508796692,10.840720653533936,236.90457153320312,3,5,0.6,888998,105126,879800,783872,9198,runs/uvicorn/uvicorn_pr_2829/codex_cli/type_hints/rep_1/result.json,runs/uvicorn/uvicorn_pr_2829/codex_cli/type_hints/rep_1/metrics.json,2026-04-27T16:59:40.308955+00:00,runs/uvicorn/uvicorn_pr_2829/codex_cli/type_hints/rep_1/logs/agent_stdout.log,True,84,0,36,True,15,15,4,7,0,5,7,0,7,3,4,5,2,0.13333333333333333,0.42857142857142855
uvicorn,encode/uvicorn,uvicorn_pr_2829,comments_docstrings,SUCCESS,oracle_pass,4,4,0,166,166,0,success,279.1378982067108,47.4634964466095,326.6013946533203,3,5,0.6,941372,91068,931367,850304,10005,runs/uvicorn/uvicorn_pr_2829/codex_cli/comments_docstrings/rep_1/result.json,runs/uvicorn/uvicorn_pr_2829/codex_cli/comments_docstrings/rep_1/metrics.json,2026-04-27T17:13:26.290103+00:00,runs/uvicorn/uvicorn_pr_2829/codex_cli/comments_docstrings/rep_1/logs/agent_stdout.log,True,91,0,31,True,13,18,3,9,0,7,9,0,9,4,5,7,4,0.16129032258064516,0.4444444444444444
uvicorn,encode/uvicorn,uvicorn_pr_2829,remove_tests,SUCCESS,oracle_pass,4,4,0,166,166,0,success,151.8610384464264,48.912848711013794,200.77388715744016,2,7,0.2857,455401,48105,449059,407296,6342,runs/uvicorn/uvicorn_pr_2829/codex_cli/remove_tests/rep_1/result.json,runs/uvicorn/uvicorn_pr_2829/codex_cli/remove_tests/rep_1/metrics.json,2026-04-27T17:16:47.164113+00:00,runs/uvicorn/uvicorn_pr_2829/codex_cli/remove_tests/rep_1/logs/agent_stdout.log,True,60,0,21,True,8,15,3,4,0,2,3,0,3,2,4,0,0,0.17391304347826086,0.6666666666666666
